,open,high,close,low,volume,price_change,p_change,ma5,ma10,ma20,v_ma5,v_ma10,v_ma20,turnover,macd_diff_dea,macd_dea_k,macd_macd_self,macd_sum,macd_result,macd,macd_signal,macd_hist
2015-07-01,58.6,58.6,58.6,58.6,846.0,-6.51,-10.0,57.904,53.39,47.138,30991.7,32459.49,31898.02,0.24,,,,,,,,
2015-07-02,52.74,52.74,52.74,52.74,224.0,-5.86,-10.0,58.298,54.079,47.831,24692.53,29348.98,30549.84,0.06,,,,,,,,
2015-07-03,47.47,47.47,47.47,47.47,4348.0,-5.27,-9.99,56.622,53.854,48.293,17088.0,24941.19,29996.35,1.23,,,,,,,,
2015-07-06,43.0,47.47,42.72,42.72,52643.35,-4.75,-10.01,53.328,53.17,48.549,18673.11,26715.55,31868.25,14.86,,,,,,,,
2015-07-07,38.45,38.45,38.45,38.45,813.0,-4.27,-9.99,47.996,52.06,48.585,11774.87,24473.01,31123.61,0.23,,,,,,,,
2015-07-08,34.61,34.61,34.61,34.61,326.0,-3.84,-9.99,43.198,50.551,48.371,11670.87,21331.29,28794.71,0.09,,,,,,,,
2015-07-09,31.15,38.07,38.07,31.15,138843.22,3.46,10.0,40.264,49.281,48.276,39394.71,32043.62,34089.46,39.18,,,,,,,,
2015-07-10,36.9,41.88,41.88,35.08,136178.27,3.81,10.01,39.146,47.884,48.225,65760.77,41424.38,38749.67,38.43,,,,,,,,
2015-07-13,40.21,45.99,44.0,40.0,128205.47,2.12,5.06,39.402,46.365,48.225,80873.19,49773.15,43026.41,36.18,,,,,,,,
2015-07-14,42.0,44.85,40.8,40.01,98300.11,-3.1,-7.06,39.872,43.934,48.042,100370.61,56072.74,46234.84,27.74,,,,,,,,
2015-07-15,38.97,38.97,36.74,36.74,40655.06,-4.08,-9.99,40.298,41.748,47.569,108436.43,60053.65,46256.57,11.47,,,,,,,,
2015-07-16,33.07,37.45,34.56,33.07,58084.3,-2.18,-5.93,39.596,39.93,47.005,92284.64,65839.68,47594.33,16.39,,,,,,,,
2015-07-17,35.09,37.66,36.85,35.09,39300.76,2.28,6.59,38.59,38.868,46.361,72909.14,69334.95,47138.07,11.09,,,,,,,,
2015-07-20,37.0,38.68,37.26,36.15,44649.34,0.38,1.03,37.242,38.322,45.746,56197.91,68535.55,47625.55,12.6,,,,,,,,
2015-07-21,36.5,38.8,38.25,36.0,42906.53,1.02,2.74,36.732,38.302,45.181,45119.2,72744.91,48608.96,12.11,,,,,,,,
2015-07-22,38.4,40.37,39.97,38.3,50935.56,1.74,4.55,37.378,38.838,44.695,47175.3,77805.86,49568.57,14.37,,,,,,,,
2015-07-23,40.99,43.48,43.01,40.43,61065.95,3.03,7.58,39.068,39.332,44.307,47771.63,70028.13,51035.88,17.23,,,,,,,,
2015-07-24,43.05,44.88,41.6,40.31,66468.25,-1.4,-3.26,40.018,39.304,43.594,53205.13,63057.13,52240.76,18.76,,,,,,,,
2015-07-27,40.2,42.39,37.46,37.46,50312.34,-4.16,-9.99,40.058,38.65,42.508,54337.73,55267.82,52520.49,14.2,,,,,,,,
2015-07-28,36.01,38.8,35.85,33.71,57850.01,-1.61,-4.3,39.578,38.155,41.045,57326.42,51222.81,53647.78,16.32,,,,,,,,
2015-07-29,36.5,38.14,38.05,35.0,42073.28,2.16,6.02,39.194,38.286,40.017,55553.97,51364.63,55709.14,11.87,,,,,,,,
2015-07-30,37.85,39.89,37.3,37.0,40663.64,-0.78,-2.05,38.052,38.56,39.245,51473.5,49622.57,57731.12,11.47,,,,,,,,
2015-07-31,36.3,38.2,36.4,35.5,32416.87,-0.96,-2.57,37.012,38.515,38.692,44663.23,48934.18,59134.57,9.15,,,,,,,,
2015-08-03,35.7,36.73,35.26,34.4,27733.95,-1.16,-3.19,36.572,38.315,38.319,40147.55,47242.64,57889.1,7.83,,,,,,,,
2015-08-04,34.51,38.75,38.52,34.51,37861.09,3.26,9.25,37.106,38.342,38.322,36149.77,46738.09,59741.5,10.68,,,,,,,,
2015-08-05,38.0,39.8,38.7,37.7,43313.28,0.19,0.49,37.236,38.215,38.527,36397.77,45975.87,61890.86,12.22,,,,,,,,
2015-08-06,38.09,39.55,38.82,37.55,31486.26,0.05,0.13,37.54,37.796,38.564,34562.29,43017.9,56523.02,8.88,,,,,,,,
2015-08-07,39.63,40.65,39.94,39.15,35330.59,1.12,2.88,38.248,37.63,38.467,35145.03,39904.13,51480.63,9.97,,,,,,,,
2015-08-10,40.22,43.68,42.6,39.8,48134.43,2.64,6.61,39.716,38.144,38.397,39225.13,39686.34,47477.08,13.58,,,,,,,,
2015-08-11,42.2,43.23,42.1,41.09,41903.73,-0.5,-1.17,40.432,38.769,38.462,40033.66,38091.71,44657.26,11.82,,,,,,,,
2015-08-12,42.07,43.78,42.21,41.61,34291.21,0.17,0.4,41.134,39.185,38.736,38229.24,37313.5,44339.07,9.68,,,,,,,,
2015-08-13,42.77,45.59,44.92,41.2,59951.97,2.7,6.39,42.354,39.947,39.254,43922.39,39242.34,44432.45,16.92,,,,,,,,
2015-08-14,44.97,45.98,45.45,44.3,45846.84,0.55,1.23,43.456,40.852,39.684,46025.64,40585.34,44759.76,12.94,,,,,,,,
2015-08-17,46.5,48.16,45.57,45.54,45969.83,0.14,0.31,44.05,41.883,40.099,45592.72,42408.92,44825.78,12.97,,,,,,0.6369960632430249,-0.6785836723298525,1.3155797355728773
2015-08-18,45.08,45.1,41.01,41.01,49525.22,-4.56,-10.01,43.832,42.132,40.237,47117.01,43575.34,45156.72,13.98,,,,,,0.49777041816294343,-0.4433128542312933,0.9410832723942367
2015-08-19,38.96,41.72,40.84,36.91,48529.03,-0.17,-0.41,43.558,42.346,40.281,49964.58,44096.91,45036.39,13.69,,,,0.0,,0.3694566458846751,-0.2807589542080996,0.6502156000927747
2015-08-20,40.0,40.3,37.9,37.8,35220.18,-2.92,-7.15,42.154,42.254,40.025,45018.22,44470.3,43744.1,9.94,,,,0.0,,0.03018566594147387,-0.2185700301781849,0.24875569611965878
2015-08-21,37.0,39.3,37.17,36.63,29246.5,-0.69,-1.82,40.498,41.977,39.804,41698.15,43861.89,41883.01,8.25,,,-1.0,-1.0,,-0.2942025453068027,-0.23369653320390846,-0.06050601210289422
2015-08-24,36.0,36.0,33.37,33.37,31701.42,-3.71,-10.01,38.058,41.054,39.599,38844.47,42218.59,40952.47,8.95,,,-1.0,-1.0,,-0.8481340208397086,-0.3565840307310685,-0.4915499901086401
2015-08-25,30.03,31.8,30.03,30.03,35892.63,-3.34,-10.01,35.862,39.847,39.308,36117.95,41617.48,39854.6,10.13,,,-1.0,-1.0,,-1.5388993190966573,-0.5930470884041863,-0.945852230692471
2015-08-26,30.8,31.93,29.19,28.0,39386.12,-0.84,-2.8,33.532,38.545,38.865,34289.37,42126.97,39720.24,11.11,,,-1.0,-1.0,,-2.1295684351772124,-0.9003513577587916,-1.2292170774184208
2015-08-27,30.18,30.95,30.65,28.2,27126.68,1.58,5.43,32.082,37.118,38.533,32670.67,38844.44,39043.39,7.65,,,-1.0,-1.0,,-2.451607561050274,-1.210602598417088,-1.2410049626331858
2015-08-28,30.82,32.47,32.35,30.41,38008.83,1.83,6.0,31.118,35.808,38.33,34423.14,38060.64,39322.99,10.73,,,-1.0,-1.0,,-2.5403663341867144,-1.4765553455710134,-1.063810988615701
2015-08-31,31.9,31.99,30.81,30.5,32164.99,-1.52,-4.7,30.606,34.332,38.108,34515.85,36680.16,39544.54,9.08,,,-1.0,-1.0,,-2.7038056426646975,-1.7220054049897502,-0.9818002376749473
2015-09-01,31.3,33.89,33.89,30.9,88853.58,3.08,10.0,31.378,33.62,37.876,45108.04,40613.0,42094.17,25.07,,,-1.0,-1.0,,-2.5553457773108192,-1.888673479453964,-0.6666722978568553
2015-09-02,32.0,34.23,30.8,30.5,86928.06,-3.09,-9.12,31.7,32.616,37.481,54616.43,44452.9,44274.9,24.53,,,-1.0,-1.0,,-2.6564060448847187,-2.0422199925401148,-0.6141860523446039
2015-09-07,30.21,32.8,30.98,30.21,40066.58,0.17,0.55,31.766,31.924,37.089,57204.41,44937.54,44703.92,11.31,,,-1.0,-1.0,,-2.690952909281542,-2.1719665758884004,-0.5189863333931415
2015-09-08,30.9,33.31,32.9,30.58,39057.53,1.93,6.23,31.876,31.497,36.737,57414.15,45918.64,44890.27,11.02,,,-1.0,-1.0,,-2.534191017748782,-2.2444114642604767,-0.2897795534883052
2015-09-09,32.89,36.18,36.18,32.8,65050.0,3.29,10.0,32.95,31.778,36.416,63991.15,49253.5,45736.05,18.36,,,1.0,1.0,,-2.120839780590643,-2.21969712752651,0.0988573469358669
2015-09-10,35.0,35.8,33.9,33.8,46200.18,-2.28,-6.3,32.952,32.165,36.006,55460.47,50284.26,45950.87,13.04,,,1.0,1.0,,-1.9547003237791074,-2.1666977667770295,0.21199744299792211
2015-09-11,33.75,34.98,34.58,33.33,27013.57,0.64,1.89,33.708,32.704,35.625,43477.57,49047.0,45586.99,7.62,,,1.0,1.0,,-1.7480132812768545,-2.0829608696769943,0.33494758840013983
2015-09-14,34.5,34.8,31.08,31.08,42627.03,-3.45,-9.99,33.728,32.747,34.933,43989.66,50597.04,44720.74,12.03,,,1.0,1.0,,-1.8453608886465815,-2.035440873470912,0.19007998482433042
2015-09-15,29.71,31.0,29.17,28.88,27022.1,-1.91,-6.14,32.982,32.429,34.119,41582.58,49498.36,43779.5,7.63,,,-1.0,-1.0,,-2.052965300247976,-2.038945758826325,-0.014019541421651294
2015-09-16,29.5,32.09,31.78,29.5,20741.17,2.61,8.95,32.102,32.526,33.429,32720.81,48355.98,42518.07,5.85,,,1.0,1.0,,-1.984017585118039,-2.0279601240846676,0.043942538966628586
2015-09-17,31.4,32.8,30.85,30.8,26183.7,-0.95,-2.99,31.492,32.222,32.921,28717.51,42088.99,41350.99,7.39,,,1.0,1.0,,-1.9815768671658844,-2.018683472700911,0.03710660553502665
2015-09-18,30.95,31.53,31.02,30.5,14269.53,0.19,0.62,30.78,32.244,32.43,26168.71,34823.14,39638.02,4.03,,,1.0,1.0,,-1.9435212976345326,-2.0036510376876353,0.060129740053102676
2015-09-21,30.55,32.88,32.6,30.55,29960.15,1.57,5.06,31.084,32.406,32.165,23635.33,33812.5,39375.02,8.45,,,1.0,1.0,,-1.7655174035842194,-1.9560243108669522,0.19050690728273278
2015-09-22,32.55,33.85,32.92,32.01,31409.57,0.35,1.07,31.834,32.408,31.953,24512.82,33047.7,39483.17,8.86,,,1.0,1.0,,-1.580408741253244,-1.8809011969442104,0.3004924556909665
2015-09-23,32.29,33.09,32.39,31.9,18657.2,-0.51,-1.55,31.956,32.029,31.904,24096.03,28408.42,38830.96,5.26,,,1.0,1.0,,-1.4596494332588534,-1.796650844207139,0.3370014109482855
2015-09-24,32.44,33.45,32.93,32.34,19813.87,0.51,1.57,32.372,31.932,32.049,22822.06,25769.79,38027.02,5.59,,,1.0,1.0,,-1.3053263351634286,-1.698385942398397,0.39305960723496836
2015-09-25,32.8,33.19,31.21,30.98,18045.93,-1.73,-5.25,32.41,31.595,32.15,23577.34,24873.03,36960.01,5.09,,,1.0,1.0,,-1.3067503883916487,-1.6200588315970472,0.3133084432053985
2015-09-28,31.28,31.99,31.98,30.63,12457.89,0.72,2.3,32.286,31.685,32.216,20076.89,21856.11,36226.57,3.52,,,1.0,1.0,,-1.231549855867982,-1.5423570364512342,0.3108071805832522
2015-09-29,31.38,31.79,31.19,30.8,12502.07,-0.79,-2.47,31.94,31.887,32.158,16295.39,20404.11,34951.24,3.53,,,1.0,1.0,,-1.221617246558921,-1.4782090784727715,0.2565918319138505
2015-09-30,31.28,31.75,31.48,31.09,9822.39,0.29,0.93,31.758,31.857,32.192,14528.43,19312.23,33834.1,2.77,,-1.0,1.0,2.0,,-1.1767798205012916,-1.4179232268784756,0.241143406377184
2015-10-08,33.39,33.7,32.91,32.5,21805.83,1.45,4.61,31.754,32.063,32.143,14926.82,18874.44,30481.72,6.15,,-1.0,1.0,2.0,,-1.0141661126726547,-1.3371718040373115,0.32300569136465684
2015-10-09,32.58,33.4,33.16,32.58,19142.29,0.25,0.76,32.144,32.277,32.261,15146.09,19361.72,27092.43,5.4,,,1.0,1.0,,-0.8552617420072224,-1.2407897916312938,0.3855280496240714
2015-10-12,33.26,35.61,35.13,33.26,28642.32,1.99,6.0,32.774,32.53,32.468,18382.98,19229.94,26521.22,8.08,,,1.0,1.0,,-0.5638664459929075,-1.1054051225036166,0.5415386765107091
2015-10-13,34.8,36.55,35.18,34.8,28779.79,0.08,0.23,33.572,32.756,32.582,21638.52,18966.96,26007.33,8.12,,,1.0,1.0,,-0.3251508557139715,-0.9493542691456875,0.624203413431716
2015-10-14,34.98,35.5,34.52,34.39,22499.69,-0.69,-1.96,34.18,32.969,32.499,24173.98,19351.21,23879.81,6.35,,,1.0,1.0,,-0.1870671213847359,-0.7968968395934972,0.6098297182087613
2015-10-15,34.55,35.77,35.68,34.51,28804.05,1.15,3.33,34.734,33.244,32.588,25573.63,20250.23,23010.01,8.13,,,1.0,1.0,,0.01578557213686338,-0.6343603572474251,0.6501459293842885
2015-10-16,35.6,36.39,36.18,35.3,29778.81,0.54,1.51,35.338,33.741,32.668,27700.93,21423.51,23148.27,8.4,,,1.0,1.0,,0.21442189244994836,-0.4646039073079504,0.6790257997578988
2015-10-19,36.3,37.5,35.84,35.1,32662.1,-0.32,-0.89,35.48,34.127,32.906,28504.89,23443.93,22650.02,9.22,,,1.0,1.0,,0.34048257768156276,-0.30358661031004774,0.6440691879916105
2015-10-20,35.88,36.09,36.0,34.91,25427.7,0.15,0.42,35.644,34.608,33.248,27834.47,24736.5,22570.3,7.18,,,1.0,1.0,,0.4481314612370255,-0.15324299600063307,0.6013744572376586
2015-10-21,35.98,37.19,34.18,33.8,40164.58,-1.82,-5.06,35.576,34.878,33.368,31367.45,27770.72,23541.47,11.33,,,1.0,1.0,,0.38217965819657707,-0.04615846516119104,0.4283381233577681
2015-10-22,34.55,35.99,35.97,34.3,25675.45,1.77,5.17,35.634,35.184,33.624,30741.73,28157.68,23516.06,7.25,,,1.0,1.0,,0.4689447166897196,0.05686217120899109,0.41208254548072853
2015-10-23,36.18,39.39,39.18,36.18,45171.26,3.23,8.98,36.234,35.786,34.032,33820.22,30760.58,25061.15,12.75,,,1.0,1.0,,0.7876473156038344,0.20301920008795976,0.5846281155158746
2015-10-26,38.95,38.96,38.37,37.58,30833.18,-0.56,-1.44,36.74,36.11,34.32,33454.43,30979.66,25104.8,8.7,,,1.0,1.0,,0.9637516615837995,0.3551656923871277,0.6085859691966718
2015-10-27,37.88,38.88,38.0,36.35,26261.43,-0.37,-0.96,37.14,36.392,34.574,33621.18,30727.83,24847.39,7.41,,,1.0,1.0,,1.06122655758994,0.49637786542769013,0.5648486921622499
2015-10-28,37.76,38.55,36.85,36.8,20160.67,-1.15,-3.03,37.674,36.625,34.797,29620.4,30493.92,24922.57,5.69,,,,0.0,,1.0337641364256314,0.6038551196272783,0.429909016798353
2015-10-29,37.09,37.68,37.24,36.89,15090.53,0.38,1.03,37.928,36.781,35.013,27503.41,29122.57,24686.4,4.26,,,,0.0,,1.0315783177194007,0.6893997592457028,0.3421785584736978
2015-10-30,37.68,38.2,37.75,37.31,21064.88,0.49,1.31,37.642,36.938,35.34,22682.14,28251.18,24837.35,5.94,,,,0.0,,1.05879366411515,0.7632785402195923,0.2955151238955578
2015-11-02,36.98,39.78,38.25,36.2,30355.29,0.5,1.32,37.618,37.179,35.653,22586.56,28020.5,25732.22,8.57,,,,0.0,,1.1079362441788874,0.8322100810114513,0.27572616316743603
2015-11-03,38.0,39.93,39.83,37.41,35751.41,1.62,4.24,37.984,37.562,36.085,24484.56,29052.87,26894.68,10.09,,,,0.0,,1.2598520975715104,0.9177384843234632,0.34211361324804723
2015-11-04,40.18,41.3,41.29,39.5,44212.35,1.47,3.69,38.872,38.273,36.576,29294.89,29457.65,28614.18,12.48,,,,0.0,,1.4809844374367174,1.030387674946114,0.4505967624906033
2015-11-05,41.37,41.99,40.4,40.12,36356.84,-0.84,-2.04,39.504,38.716,36.95,33548.15,30525.78,29341.73,10.26,,,,0.0,,1.5663618041409464,1.1375825007850806,0.4287793033558658
2015-11-06,40.5,42.4,42.15,40.5,31292.45,1.76,4.36,40.384,39.013,37.4,35593.67,29137.9,29949.24,8.83,,,,0.0,,1.7550037660415114,1.2610667538363667,0.49393701220514474
2015-11-09,41.9,44.0,43.23,41.32,38709.94,1.08,2.56,41.38,39.499,37.805,37264.6,29925.58,30452.62,10.92,,,,0.0,,1.968953978173957,1.4026441987038847,0.5663097794700722
2015-11-10,42.68,43.49,42.0,41.6,31364.06,-1.16,-2.69,41.814,39.899,38.146,36387.13,30435.84,30581.83,8.85,,,,0.0,,2.0160209081560865,1.525319540594325,0.4907013675617615
2015-11-11,42.0,43.99,43.59,41.85,28944.63,1.56,3.71,42.274,40.573,38.599,33333.58,31314.24,30904.08,8.17,,,,0.0,,2.156759717593296,1.6516075759941191,0.5051521415991769
2015-11-12,43.65,46.49,45.53,43.61,36362.23,1.95,4.47,43.3,41.402,39.092,33334.66,33441.41,31281.99,10.26,,,,0.0,,2.3972045430202513,1.8007269693993455,0.5964775736209058
2015-11-13,45.0,45.0,42.65,41.8,37343.6,-2.9,-6.37,43.4,41.892,39.415,34544.89,35069.28,31660.23,10.54,,,,0.0,,2.3285250809699107,1.9062865917134586,0.42223848925645213
2015-11-16,41.5,43.5,43.5,41.4,17710.36,0.78,1.83,43.454,42.417,39.798,30344.98,33804.79,30912.64,5.0,,,,0.0,,2.31598675507896,1.988226624386559,0.32776013069240095
2015-11-17,43.52,45.05,42.92,42.81,21161.75,-0.53,-1.22,43.638,42.726,40.144,28304.51,32345.82,30699.34,5.97,,,,0.0,,2.233502462656382,2.0372817920405235,0.19622067061585868
2015-11-18,43.08,43.45,41.65,41.0,19773.88,-1.27,-2.96,43.25,42.762,40.518,26470.36,29901.97,29679.81,5.58,,,,0.0,,2.0421144561981635,2.0382483248720513,0.003866131326112132
2015-11-19,41.8,43.88,43.75,41.7,21484.11,2.17,5.22,42.894,43.097,40.907,23494.74,28414.7,29470.24,6.06,,,-1.0,-1.0,,2.0364159957970074,2.0378818590570424,-0.0014658632600350607
2015-11-20,43.51,44.94,44.1,43.5,20578.48,0.39,0.89,43.184,43.292,41.153,20141.72,27343.3,28240.6,5.81,,,-1.0,-1.0,,2.03666459809471,2.037638406864576,-0.0009738087698663023
2015-11-23,44.0,44.11,42.99,42.62,19734.29,-1.11,-2.52,43.082,43.268,41.384,20546.5,25445.74,27685.66,5.57,,,-1.0,-1.0,,1.9251025104579327,2.0151312275832476,-0.0900287171253149
2015-11-24,43.2,45.88,45.88,42.7,31922.58,2.93,6.82,43.674,43.656,41.778,22698.67,25501.59,27968.72,9.01,1.0,,1.0,2.0,,2.0462991368341577,2.0213648094334298,0.024934327400727874
2015-11-25,45.7,46.5,45.92,44.98,28714.35,0.15,0.33,44.528,43.889,42.231,24486.76,25478.56,28396.4,8.1,,,1.0,1.0,,2.121124993546765,2.041316846256097,0.07980814729066799
2015-11-26,45.89,50.38,48.61,45.7,52851.12,2.72,5.93,45.5,44.197,42.8,30760.16,27127.45,30284.43,14.91,,,1.0,1.0,,2.3701637702469895,2.1070862310542755,0.26307753919271404
2015-11-27,47.8,51.8,49.45,47.1,66599.08,0.84,1.73,46.57,44.877,43.385,39964.28,30053.0,32561.14,18.79,,,1.0,1.0,,2.605277754610455,2.2067245357655114,0.39855321884494366
2015-11-30,49.5,54.37,54.37,48.0,67123.12,4.94,9.99,48.846,45.964,44.191,49442.05,34994.28,34399.53,18.94,,,1.0,1.0,,3.152272725213045,2.395834173655018,0.756438551558027
2015-12-01,56.0,56.8,50.1,48.93,67550.85,-4.27,-7.85,49.69,46.682,44.704,56567.7,39633.19,35989.5,19.06,,,1.0,1.0,,3.20427992183658,2.5575233232913304,0.6467565985452497
2015-12-02,48.61,49.9,46.83,44.99,42271.05,-3.16,-6.32,49.872,47.2,44.981,59279.04,41882.9,35892.44,11.93,,,1.0,1.0,,2.9476555895976233,2.635549776552589,0.31210581304503426
2015-12-03,47.08,49.32,48.6,47.0,27224.01,1.81,3.87,49.87,47.685,45.391,54153.62,42456.89,35435.8,7.68,,,1.0,1.0,,2.8542017043437653,2.679280162110824,0.1749215422329411
2015-12-04,48.0,51.5,49.89,47.98,38703.48,1.28,2.63,49.958,48.264,45.778,48574.5,44269.39,35806.35,10.92,,,1.0,1.0,,2.851362316132409,2.713696592915141,0.137665723217268
2015-12-07,49.69,51.1,50.5,48.33,24284.45,0.6,1.2,49.184,49.015,46.142,40006.77,44724.41,35085.07,2.71,,,1.0,1.0,,2.8653045354410906,2.744018181420331,0.12128635402075982
2015-12-08,49.9,53.96,52.26,49.0,30695.63,1.74,3.44,49.616,49.653,46.655,32635.72,44601.71,35051.65,3.42,,,1.0,1.0,,2.9839737438972804,2.792009293915721,0.1919644499815596
2015-12-09,51.38,54.65,53.39,50.6,26707.76,1.09,2.08,50.928,50.4,47.145,29523.07,44401.06,34939.81,2.98,,,1.0,1.0,,3.1330852463185437,2.8602244843962854,0.2728607619222583
2015-12-10,53.2,53.8,52.8,52.14,17181.71,-0.62,-1.16,51.768,50.819,47.508,27514.61,40834.11,33980.78,1.91,,,1.0,1.0,,3.1671402952660443,2.921607646570237,0.24553264869580715
2015-12-11,52.52,52.81,49.95,49.9,17268.99,-2.83,-5.36,51.78,50.869,47.873,23227.71,35901.11,32977.05,1.92,,,1.0,1.0,,2.9303784071734498,2.9233617986908795,0.007016608482570241
2015-12-14,49.02,49.65,48.0,47.0,36344.8,-2.0,-4.0,51.28,50.232,48.098,25639.78,32823.27,33908.77,4.05,,,-1.0,-1.0,,2.555931020124568,2.8498756429776173,-0.29394462285304934
2015-12-15,48.0,48.9,46.92,46.01,60043.64,-1.08,-2.25,50.212,49.914,48.298,31509.38,32072.55,35852.87,6.69,,,-1.0,-1.0,,2.147279294999379,2.7093563733819694,-0.5620770783825906
2015-12-16,47.11,48.48,48.46,46.7,33975.13,1.52,3.24,49.226,50.077,48.639,32962.85,31242.96,36562.93,3.79,,,-1.0,-1.0,,1.925489148020965,2.5525829283097687,-0.6270937802888037
2015-12-17,48.47,49.58,49.3,48.4,30607.93,0.9,1.86,48.526,50.147,48.916,35648.1,31581.35,37019.12,3.41,,,-1.0,-1.0,,1.7967875895846461,2.401423860564744,-0.6046362709800981
2015-12-18,49.32,49.8,48.27,48.0,27448.0,-1.03,-2.09,48.19,49.985,49.125,37683.9,30455.8,37362.6,3.06,,,-1.0,-1.0,,1.593311581241835,2.239801404700162,-0.6464898234583272
2015-12-21,48.49,50.3,49.93,48.48,26680.85,1.67,3.46,48.576,49.928,49.472,35751.11,30695.44,37709.93,2.97,,,-1.0,-1.0,,1.5481573116713534,2.1014725860944004,-0.553315274423047
2015-12-22,49.54,50.25,49.98,49.08,21235.27,0.06,0.12,49.188,49.7,49.677,27989.44,29749.41,37175.56,2.37,,,-1.0,-1.0,,1.4991258205643234,1.9810032329883849,-0.48187741242406146
2015-12-23,49.89,50.85,49.62,49.4,21622.18,-0.36,-0.72,49.42,49.323,49.862,25518.85,29240.85,36820.95,2.41,,,-1.0,-1.0,,1.4149088310010995,1.867784352590928,-0.45287552158982836
2015-12-24,49.2,50.1,49.76,48.1,16281.37,0.13,0.26,49.512,49.019,49.919,22653.53,29150.82,34992.46,1.81,,,-1.0,-1.0,,1.3439706331267658,1.7630216086980954,-0.41905097557132964
2015-12-25,50.0,51.63,51.24,50.0,21961.02,1.48,2.97,50.106,49.148,50.009,21556.14,29620.02,32760.56,2.45,,,-1.0,-1.0,,1.3911390463804736,1.6886450962345712,-0.29750604985409757
2015-12-28,51.38,51.97,50.02,49.82,25398.28,-1.25,-2.44,50.124,49.35,49.791,21299.62,28525.37,30674.32,2.83,,,-1.0,-1.0,,1.3149189821618066,1.6138998734200183,-0.2989808912582117
2015-12-29,49.9,53.0,52.3,49.58,29714.96,2.24,4.47,50.588,49.888,49.901,22995.56,25492.5,28782.53,3.31,,,-1.0,-1.0,,1.4220979178063047,1.5755394822972755,-0.1534415644909708
2015-12-30,52.02,52.86,52.66,50.5,23426.15,0.41,0.79,51.196,50.308,50.193,23356.36,24437.6,27840.28,2.61,,1.0,-1.0,-2.0,,1.5185817230228622,1.5641479304423929,-0.04556620741953066
2015-12-31,52.11,52.75,51.02,51.0,8953.71,-1.73,-3.28,51.448,50.48,50.314,21890.82,22272.18,26926.77,1.0,,1.0,-1.0,-2.0,,1.4460424624600776,1.5405268368459297,-0.09448437438585211
2016-01-04,50.11,51.13,45.93,45.93,19017.02,-5.1,-9.99,50.386,50.246,50.116,21302.02,21429.08,25942.44,2.12,,1.0,-1.0,-2.0,,0.9666907060366938,1.4257596106840826,-0.4590689046473888
2016-01-05,41.82,45.9,43.09,41.4,23004.84,-2.84,-6.18,49.0,49.562,49.745,20823.34,21061.48,25878.46,2.56,,,-1.0,-1.0,,0.3535610882572726,1.2113199061987205,-0.8577588179414479
2016-01-06,43.54,44.2,44.19,42.13,12390.71,1.13,2.62,47.378,48.983,49.342,17358.49,20177.02,24963.22,1.38,,,-1.0,-1.0,,-0.043091017846343505,0.9604377213897077,-1.0035287392360512
2016-01-07,43.33,43.33,39.8,39.8,4250.0,-4.35,-9.85,44.806,48.001,48.662,13523.26,18439.81,23840.33,0.47,,,-1.0,-1.0,,-0.7035667019121803,0.6276368367293301,-1.3312035386415104
2016-01-08,40.98,41.6,39.66,37.68,22814.85,-0.37,-0.92,42.534,46.991,48.005,16295.48,19093.15,24121.98,2.54,,,-1.0,-1.0,,-1.224183642967617,0.25727274078994067,-1.4814563837575576
2016-01-11,38.59,38.87,35.63,35.63,15609.18,-3.96,-10.0,40.474,45.43,47.289,15613.92,18457.97,24038.99,1.74,,,-1.0,-1.0,,-1.939605079487194,-0.18210282326548632,-1.7575022562217075
2016-01-12,35.63,36.59,35.63,34.01,17149.42,0.0,0.0,38.982,43.991,46.671,14442.83,17633.08,23079.23,1.91,,,-1.0,-1.0,,-2.4780166883901487,-0.6412855962904188,-1.83673109209973
2016-01-13,35.98,36.55,34.78,34.5,11477.05,-0.91,-2.55,37.1,42.239,46.064,14260.1,15809.29,20650.9,1.28,,,-1.0,-1.0,,-2.9394159068937142,-1.100911658411078,-1.8385042484826362
2016-01-14,33.8,36.69,36.62,33.08,15492.33,1.84,5.29,36.464,40.635,45.472,16508.57,15015.91,19726.76,1.73,,,-1.0,-1.0,,-3.120632777152707,-1.5048558821594038,-1.6157768949933033
2016-01-15,36.19,36.99,35.47,35.12,12181.15,-1.12,-3.06,35.626,39.08,44.78,14381.83,15338.66,18805.42,1.36,,,-1.0,-1.0,,-3.318786931604592,-1.8676420920484413,-1.4511448395561506
2016-01-18,35.87,36.93,36.75,35.42,10365.24,1.33,3.75,35.85,38.162,44.204,13333.04,14473.48,17951.28,1.16,,,-1.0,-1.0,,-3.334106717211,-2.160935017080953,-1.1731717001300472
2016-01-19,36.79,38.9,38.34,36.2,10901.98,1.7,4.64,36.392,37.687,43.625,12083.55,13263.19,17162.34,1.22,,,,0.0,,-3.1812762732592077,-2.365003268316604,-0.8162730049426039
2016-01-20,37.9,38.5,37.68,37.4,11915.22,-0.6,-1.57,36.972,37.036,43.01,12171.18,13215.64,16696.33,1.33,,,,0.0,,-3.0779330334307744,-2.5075892213394377,-0.5703438120913367
2016-01-21,37.0,38.13,36.3,36.04,10464.77,-1.38,-3.66,36.908,36.686,42.344,11165.67,13837.12,16138.46,1.17,,,,0.0,,-3.0719754177995924,-2.6204664606314685,-0.4515089571681239
2016-01-22,37.04,37.3,36.99,36.0,7232.23,0.73,2.01,37.212,36.419,41.705,10175.89,12278.86,15686.01,0.81,,,,0.0,,-2.9772567683130617,-2.6918245221677872,-0.2854322461452745
2016-01-25,37.01,37.87,37.2,37.01,7134.76,0.23,0.62,37.302,36.576,41.003,9529.79,11431.42,14944.69,0.8,,,,0.0,,-2.852366011384156,-2.723932820011061,-0.12843319137309495
2016-01-26,36.82,37.38,33.82,33.68,10404.34,-3.38,-9.09,36.398,36.395,40.193,9430.26,10756.91,14195.0,1.16,,,,0.0,,-2.991641161808694,-2.7774744883705873,-0.2141666734381067
2016-01-27,33.21,34.77,34.48,31.78,11767.13,0.67,1.98,35.758,36.365,39.302,9400.65,10785.92,13297.6,1.31,,,,0.0,,-3.0140175199839447,-2.8247830946932586,-0.18923442529068613
2016-01-28,33.5,34.84,34.1,33.5,6990.44,-0.37,-1.07,35.318,36.113,38.374,8705.78,9935.73,12475.82,0.78,,,,0.0,,-3.0275144670445115,-2.865329369163509,-0.16218509788100244
2016-01-29,33.8,36.78,36.4,33.8,10732.53,2.32,6.81,35.2,36.206,37.643,9405.84,9790.86,12564.76,1.2,,,1.0,1.0,,-2.8201116253734995,-2.8562858204055073,0.036174195032007805
2016-02-01,36.02,36.77,35.4,34.57,8352.82,-0.97,-2.67,34.84,36.071,37.117,9649.45,9589.62,12031.55,0.93,,,1.0,1.0,,-2.7052505770515083,-2.8260787717347076,0.12082819468319927
2016-02-02,35.4,37.19,36.86,35.1,8096.51,1.52,4.3,35.448,35.923,36.805,9187.89,9309.08,11286.13,0.9,,,1.0,1.0,,-2.4679634243542026,-2.7544557022586065,0.2864922779044039
2016-02-03,36.05,37.4,37.14,36.05,6851.8,0.3,0.81,35.98,35.869,36.453,8204.82,8802.73,11009.19,0.76,,,1.0,1.0,,-2.2315935648408782,-2.649883274775061,0.4182897099341827
2016-02-04,37.2,38.08,37.47,37.0,7994.51,0.27,0.73,36.654,35.986,36.336,8405.63,8555.71,11196.41,0.89,,,1.0,1.0,,-1.9946474519476354,-2.518836110209576,0.5241886582619406
2016-02-05,37.6,37.78,37.15,36.75,6787.49,-0.33,-0.88,36.804,36.002,36.211,7616.63,8511.23,10395.04,0.76,,,1.0,1.0,,-1.8118019509407048,-2.3774292783558018,0.5656273274150969
2016-02-15,35.99,37.28,37.11,35.36,6990.01,0.08,0.22,37.146,35.993,36.285,7344.06,8496.76,9964.09,0.78,,,1.0,1.0,,-1.6510904962949269,-2.2321615219436266,0.5810710256486997
2016-02-16,37.0,38.5,38.3,37.0,8274.69,1.2,3.23,37.434,36.441,36.418,7379.7,8283.79,9520.35,0.92,,,1.0,1.0,,-1.4114323424123967,-2.0680156860373806,0.6565833436249839
2016-02-17,38.29,38.45,38.26,37.63,10120.65,-0.05,-0.13,37.658,36.819,36.592,8033.47,8119.15,9452.53,1.13,,,1.0,1.0,,-1.2107721666649738,-1.8965669821628992,0.6857948154979254
2016-02-18,38.5,38.88,37.89,37.75,10447.81,-0.36,-0.94,37.742,37.198,36.656,8524.13,8464.88,9200.3,1.16,,,1.0,1.0,,-1.0692774743652507,-1.7311090806033695,0.6618316062381189
2016-02-19,37.7,38.18,38.03,37.57,6503.9,0.16,0.42,37.918,37.361,36.784,8467.41,8042.02,8916.44,0.72,,,1.0,1.0,,-0.935066220006604,-1.5719005084840165,0.6368342884774125
2016-02-22,38.52,38.83,38.75,38.11,10959.01,0.71,1.87,38.246,37.696,36.884,9261.21,8302.64,8946.13,1.22,,,1.0,1.0,,-0.761823029611584,-1.40988501270953,0.6480619830979459
2016-02-23,38.72,39.48,38.88,38.31,9679.0,0.14,0.36,38.362,37.898,36.911,9542.07,8460.89,8884.98,1.08,,,1.0,1.0,,-0.6070390709874331,-1.2493158243651106,0.6422767533776774
2016-02-24,39.0,39.1,38.35,37.3,8827.97,-0.52,-1.34,38.38,38.019,36.944,9283.54,8658.5,8730.62,0.98,,,1.0,1.0,,-0.5211309658432981,-1.1036788526607482,0.5825478868174501
2016-02-25,38.01,38.01,34.9,34.48,11858.17,-3.4,-8.88,37.782,37.762,36.874,9565.61,9044.87,8800.29,1.32,,,1.0,1.0,,-0.7230989066466904,-1.0275628634579366,0.30446395681124616
2016-02-26,35.05,35.98,35.06,34.3,6408.6,0.16,0.46,37.188,37.553,36.778,9546.55,9006.98,8759.11,0.71,,,1.0,1.0,,-0.8603319211604941,-0.994116674998448,0.13378475383795396
2016-02-29,35.24,35.5,32.86,32.3,9655.21,-2.24,-6.38,36.01,37.128,36.561,9285.79,9273.5,8885.13,1.08,,,-1.0,-1.0,,-1.1335448878461136,-1.022002317567981,-0.11154257027813252
2016-03-01,33.2,33.85,33.52,32.15,6606.34,0.66,2.01,34.938,36.65,36.546,8671.26,9106.67,8695.23,0.74,,,-1.0,-1.0,,-1.2820331678665227,-1.0740084876276894,-0.20802468023883325
2016-03-02,33.32,35.0,34.9,33.03,6311.86,1.38,4.12,34.248,36.314,36.567,8168.04,8725.79,8422.47,0.7,,-1.0,-1.0,0.0,,-1.2736746047159428,-1.11394171104534,-0.15973289367060284
2016-03-03,34.92,35.39,34.57,34.3,9487.93,-0.35,-1.0,34.182,35.982,36.59,7693.99,8629.8,8547.34,1.06,,-1.0,-1.0,0.0,,-1.2789358489174418,-1.1469405386197604,-0.1319953102976814
2016-03-04,34.48,34.69,34.02,33.19,7227.0,-0.5,-1.45,33.974,35.581,36.471,7857.67,8702.11,8372.06,0.81,,-1.0,-1.0,0.0,,-1.312357782705881,-1.1800239874369844,-0.13233379526889655
2016-03-07,34.28,35.0,34.51,34.0,6654.78,0.61,1.8,34.304,35.157,36.427,7257.58,8271.69,8287.16,0.74,,,-1.0,-1.0,,-1.2844990951303785,-1.2009190089756632,-0.08358008615471535
2016-03-08,34.48,34.82,34.42,33.2,7376.96,-0.14,-0.41,34.484,34.711,36.305,7411.71,8041.48,8251.18,0.82,,,-1.0,-1.0,,-1.2552138089087705,-1.2117779689622847,-0.04343583994648581
2016-03-09,33.92,34.19,33.48,33.3,5355.83,-0.99,-2.87,34.2,34.224,36.122,7220.5,7694.27,8176.39,0.6,,,-1.0,-1.0,,-1.29295082045698,-1.2280125392612238,-0.06493828119575618
2016-03-10,33.68,33.8,33.0,32.92,5311.94,-0.46,-1.38,33.886,34.034,35.898,6385.3,7039.65,8042.26,0.59,,,-1.0,-1.0,,-1.3460729711519335,-1.2516246256393657,-0.09444834551256776
2016-03-11,32.9,33.33,32.94,32.48,5493.68,-0.02,-0.06,33.67,33.822,35.688,6038.64,6948.15,7977.57,0.61,,,-1.0,-1.0,,-1.3771393516547974,-1.2767275708424521,-0.10041178081234525
2016-03-14,33.5,34.68,34.1,33.5,7965.89,1.14,3.46,33.588,33.946,35.537,6300.86,6779.22,8026.36,0.89,,,-1.0,-1.0,,-1.293249600178072,-1.280031976709576,-0.013217623468495976
2016-03-15,33.89,34.5,34.01,33.81,5413.48,-0.05,-0.15,33.506,33.995,35.323,5908.16,6659.94,7883.3,0.6,,,1.0,1.0,,-1.2199656114122206,-1.268018703650105,0.04805309223788434
2016-03-16,34.16,34.5,33.46,33.2,5622.59,-0.55,-1.62,33.502,33.851,35.083,5961.52,6591.01,7658.4,0.63,,,1.0,1.0,,-1.1925212827619163,-1.2529192194724672,0.06039793671055094
2016-03-17,33.46,34.6,34.48,33.46,9094.21,1.04,3.11,33.798,33.842,34.912,6717.97,6551.64,7590.72,1.01,,,1.0,1.0,,-1.0760618083747886,-1.2175477372529315,0.14148592887814293
2016-03-18,34.5,36.25,36.16,34.5,12389.52,1.67,4.84,34.442,34.056,34.819,8097.14,7067.89,7885.0,1.38,,,1.0,1.0,,-0.8385387237880053,-1.1417459345599463,0.303207210771941
2016-03-21,36.88,37.23,36.84,36.21,11224.36,0.67,1.85,34.99,34.289,34.723,8748.83,7524.85,7898.27,1.25,,,1.0,1.0,,-0.5886441279004941,-1.031125573228056,0.44248144532756184
2016-03-22,36.3,37.58,36.99,36.06,9821.68,0.15,0.41,35.586,34.546,34.629,9630.47,7769.32,7905.4,1.09,,,1.0,1.0,,-0.3741837564456034,-0.8997372098715655,0.525553453425962
2016-03-23,37.1,38.0,37.26,36.66,9264.23,0.29,0.78,36.346,34.924,34.574,10358.8,8160.16,7927.21,1.03,,,1.0,1.0,,-0.18035658500436114,-0.7558610848981246,0.5755044998937635
2016-03-24,36.9,38.05,37.65,36.89,13558.56,0.37,0.99,36.98,35.389,34.712,11251.67,8984.82,8012.23,1.51,,,1.0,1.0,,0.004668766808634928,-0.6037551145567728,0.6084238813654077
2016-03-25,37.91,39.99,39.25,37.81,21178.25,1.55,4.11,37.598,36.02,34.921,13009.42,10553.28,8750.71,2.36,,,1.0,1.0,,0.2772137715987739,-0.4275613373256634,0.7047751089244374
2016-03-28,39.93,42.3,41.51,38.73,39242.4,2.22,5.65,38.532,36.761,35.354,18613.02,13680.93,10230.07,4.37,,,1.0,1.0,,0.6678719517437699,-0.20847467951177673,0.8763466312555466
2016-03-29,40.9,41.34,40.52,39.7,22614.87,-0.96,-2.31,39.238,37.412,35.704,21171.66,15401.07,11030.5,2.52,,,1.0,1.0,,0.8873577401565882,0.010691804421896267,0.876665935734692
2016-03-30,43.0,44.52,43.88,41.72,100751.78,3.38,8.35,40.562,38.454,36.153,39469.17,24913.99,15752.5,11.23,,,1.0,1.0,,1.3172413893101478,0.2720017213995466,1.045239667910601
2016-03-31,43.9,47.98,47.3,43.12,70011.08,3.48,7.94,42.492,39.736,36.789,50759.68,31005.67,18778.65,7.8,,,1.0,1.0,,1.9118540330707958,0.5999721837337965,1.3118818493369995
2016-04-01,46.39,47.0,46.27,45.55,51880.38,-0.99,-2.1,43.896,40.747,37.402,56900.1,34954.76,21011.32,5.78,,,1.0,1.0,,2.2737658874921536,0.9347309244854679,1.3390349630066858
2016-04-05,46.3,47.41,47.1,45.58,44566.17,0.83,1.79,45.014,41.773,38.031,57964.86,38288.94,22906.89,4.97,,,1.0,1.0,,2.597614025429202,1.2673075446742148,1.3303064807549871
2016-04-06,46.7,49.76,49.0,46.38,57486.26,1.85,3.92,46.71,42.974,38.76,64939.13,43055.4,25412.36,6.41,,,1.0,1.0,,2.973305711557323,1.6085071780508364,1.3647985335064867
2016-04-07,48.88,51.05,49.02,48.08,55588.77,0.09,0.18,47.738,44.15,39.537,55906.53,47687.85,27924.0,6.2,,,1.0,1.0,,3.2353626655146,1.9338782755435893,1.301484389971011
2016-04-08,48.1,49.0,48.13,46.51,44994.93,-0.87,-1.78,47.904,45.198,40.294,50903.3,50831.49,29908.15,5.01,,,1.0,1.0,,3.332810562027973,2.213664732840466,1.1191458291875067
2016-04-11,48.5,52.91,51.96,48.2,73279.77,3.86,8.03,49.042,46.469,41.245,55183.18,56041.64,33297.46,8.17,,,1.0,1.0,,3.6767049474782993,2.506272775768033,1.1704321717102664
2016-04-12,51.5,52.46,48.5,48.42,47536.75,-3.39,-6.53,49.322,47.168,41.965,55777.3,56871.08,35276.0,5.3,,,1.0,1.0,,3.6282267030592834,2.730663561226283,0.8975631418330003
2016-04-13,48.83,50.94,48.95,48.78,40932.09,0.06,0.12,49.312,48.011,42.712,52466.46,58702.8,37051.93,4.56,,,1.0,1.0,,3.5847952955736275,2.901489908095752,0.6833053874778754
2016-04-14,49.2,50.5,50.4,48.8,26000.22,1.45,2.96,49.588,48.663,43.559,46548.75,51227.64,38070.81,2.9,,,1.0,1.0,,3.6255849871951398,3.0463089239156296,0.5792760632795102
2016-04-15,50.3,51.2,49.66,49.01,24439.26,-0.76,-1.51,49.894,48.899,44.318,42437.62,46670.46,38838.07,2.72,,,1.0,1.0,,3.557194175933411,3.1484859743191858,0.40870820161422516
2016-04-18,49.4,49.4,47.65,47.0,29969.71,-1.95,-3.93,49.032,49.037,44.892,33775.61,44479.39,39717.08,3.34,,,1.0,1.0,,3.3027319257889403,3.1793351646131365,0.12339676117580378
2016-04-19,48.68,48.88,47.21,46.68,36643.83,-0.43,-0.9,48.774,49.048,45.411,31597.02,43687.16,40988.05,4.08,,,-1.0,-1.0,,3.030629229228019,3.149593977536113,-0.11896474830809378
2016-04-20,46.93,46.98,43.1,42.45,70186.22,-4.07,-8.63,47.604,48.458,45.716,37447.85,44957.16,44006.28,7.82,,,-1.0,-1.0,,2.455043022757458,3.010683786580382,-0.5556407638229239
2016-04-21,43.01,43.03,41.62,41.53,27757.4,-1.41,-3.28,45.848,47.718,45.934,37799.28,42174.02,44930.94,3.09,,,-1.0,-1.0,,1.8580447923573615,2.7801559877357778,-0.9221111953784162
2016-04-22,41.1,42.94,42.5,41.0,21578.14,0.9,2.16,44.416,47.155,46.177,37227.06,39832.34,45331.91,2.4,,,-1.0,-1.0,,1.4393362666324165,2.5119920435151055,-1.072655776882689
2016-04-25,42.53,42.88,41.74,40.71,18752.64,-0.79,-1.86,43.234,46.133,46.301,34983.65,34379.63,45210.63,2.09,,,-1.0,-1.0,,1.0342588032680595,2.2164453954656964,-1.1821865921976369
2016-04-26,41.7,42.98,42.9,41.36,21783.41,1.14,2.73,42.372,45.573,46.371,32011.56,31804.29,44337.68,2.43,,,-1.0,-1.0,,0.7976396077174357,1.9326842379160443,-1.1350446301986086
2016-04-27,42.73,43.4,43.3,42.68,27992.89,0.45,1.05,42.412,45.008,46.51,23572.9,30510.37,44606.59,3.12,,,-1.0,-1.0,,0.6350731199473714,1.6731620143223096,-1.0380888943749382
2016-04-28,43.4,43.4,42.7,41.41,26721.5,-0.63,-1.45,42.628,44.238,46.451,23365.72,30582.5,40905.07,2.98,,,-1.0,-1.0,,0.45260566519934287,1.4290507444977163,-0.9764450792983734
2016-04-29,42.72,45.21,44.55,42.38,39333.75,1.83,4.28,43.038,43.727,46.313,26916.84,32071.95,39371.2,4.38,,,-1.0,-1.0,,0.4520672813916349,1.2336540518765,-0.7815867704848651
2016-05-03,44.5,48.6,47.78,43.7,46773.79,3.22,7.23,44.246,43.74,46.389,32521.07,33752.36,39115.88,5.21,,,-1.0,-1.0,,0.7041575244893963,1.1277547463990794,-0.4235972219096831
2016-05-04,47.4,49.96,48.7,47.3,69245.44,0.95,1.99,45.406,43.889,46.469,42013.47,37012.52,40349.84,7.72,,,-1.0,-1.0,,0.9670298514236606,1.0956097674039955,-0.1285799159803349
2016-05-05,16.59,17.75,17.75,16.59,73010.75,1.61,9.97,40.296,41.354,44.906,51017.05,37294.97,41126.06,2.71,,,-1.0,-1.0,,-1.30698219843039,0.6150913742371185,-1.9220735726675084
2016-05-06,18.7,18.98,16.35,16.2,425244.19,-1.4,-7.89,35.026,38.827,43.273,130721.58,77043.65,59608.83,15.8,,,-1.0,-1.0,,-3.1854020984763807,-0.1450073203055814,-3.0403947781707994
2016-05-09,15.2,15.39,14.72,14.72,177787.48,-1.63,-9.97,29.06,36.049,41.602,158412.33,92664.58,66248.46,6.6,,,-1.0,-1.0,,-4.75082621277479,-1.066171098799423,-3.6846551139753667
2016-05-10,14.21,14.49,13.98,13.84,125837.73,-0.74,-5.03,22.3,33.273,39.703,174225.12,103373.09,68876.36,4.67,,,-1.0,-1.0,,-5.9821889665667065,-2.04937467235288,-3.9328142942138267
2016-05-11,14.1,14.18,13.42,13.25,104187.88,-0.54,-3.87,15.244,30.325,37.949,181213.61,111613.54,71708.92,3.87,,,-1.0,-1.0,,-6.923431135873006,-3.024185965056905,-3.899245170816101
2016-05-12,13.08,13.34,13.29,12.64,91490.0,-0.14,-1.04,14.352,27.324,36.166,184909.46,117963.25,74236.81,3.4,,,-1.0,-1.0,,-7.592342452157169,-3.9378172624769583,-3.6545251896802107
2016-05-13,13.17,13.48,13.08,12.91,67766.87,-0.22,-1.65,13.698,24.362,34.3,113413.99,122067.79,76325.14,2.52,,,-1.0,-1.0,,-8.046647985403652,-4.759583407062297,-3.2870645783413552
2016-05-16,12.98,13.39,13.35,12.72,65159.98,0.29,2.22,13.424,21.242,32.485,90888.49,124650.41,78361.18,2.42,,,-1.0,-1.0,,-8.28934721532151,-5.46553616871414,-2.8238110466073696
2016-05-17,13.35,13.47,13.15,13.02,64790.56,-0.2,-1.5,13.258,17.779,30.76,78679.06,126452.09,80102.22,2.41,,,-1.0,-1.0,,-8.40098510525349,-6.05262595602201,-2.34835914923148
2016-05-18,13.01,13.02,12.33,12.0,88921.93,-0.82,-6.24,13.04,14.142,29.016,75625.87,128419.74,82716.13,3.3,,,-1.0,-1.0,,-8.458126071949444,-6.533725979207497,-1.924400092741947
2016-05-19,12.27,12.7,12.43,12.2,61825.07,0.1,0.81,12.868,13.61,27.482,69692.88,127301.17,82298.07,2.3,,,-1.0,-1.0,,-8.398528526518074,-6.906686488669612,-1.4918420378484623
2016-05-20,12.23,12.53,12.52,12.01,41272.87,0.09,0.72,12.756,13.227,26.027,64394.08,88904.04,82973.84,1.53,,,-1.0,-1.0,,-8.248946078940584,-7.175138406723806,-1.0738076722167778
2016-05-23,12.59,12.85,12.83,12.51,50338.77,0.32,2.56,12.652,13.038,24.544,61429.84,76159.17,84411.87,1.87,,,-1.0,-1.0,,-8.01301742538055,-7.342714210455155,-0.6703032149253954
2016-05-24,12.78,12.78,12.5,12.37,39011.41,-0.33,-2.57,12.522,12.89,23.082,56274.01,67476.53,85424.81,1.45,,,-1.0,-1.0,,-7.76318138711693,-7.42680764578751,-0.3363737413294201
2016-05-25,12.59,12.7,12.29,12.29,40244.09,-0.19,-1.52,12.514,12.777,21.551,46538.44,61082.16,86347.85,1.5,,,,0.0,,-7.495723734493103,-7.440590863528628,-0.05513287096447428
2016-05-26,12.28,12.7,12.68,12.07,49934.46,0.37,3.01,12.564,12.716,20.02,44160.32,56926.6,87444.93,1.86,,,1.0,1.0,,-7.169644676346305,-7.386401626092164,0.21675694974585902
2016-05-27,12.63,12.73,12.52,12.42,39146.41,-0.15,-1.18,12.564,12.66,18.511,43735.03,54064.55,88066.17,1.45,,,1.0,1.0,,-6.845227811116239,-7.278166863096979,0.4329390519807408
2016-05-30,12.45,12.74,12.59,12.26,41904.12,0.08,0.64,12.516,12.584,16.913,42048.1,51738.97,88194.69,1.56,,,1.0,1.0,,-6.507462713729531,-7.1240260332234895,0.6165633194939586
2016-05-31,12.59,13.28,13.25,12.58,82180.86,0.67,5.33,12.666,12.594,15.187,50681.99,53478.0,89965.04,3.05,,,1.0,1.0,,-6.116023247529354,-6.922425476084662,0.8064022285553083
2016-06-01,13.26,14.55,14.1,13.16,128568.09,0.84,6.33,13.028,12.771,13.457,68346.79,57442.62,92931.18,4.78,,,1.0,1.0,,-5.671835366631443,-6.672307454194018,1.0004720875625752
2016-06-02,14.01,14.34,14.12,13.8,74248.68,0.01,0.07,13.316,12.94,13.275,73209.63,58684.98,92993.07,2.76,,,1.0,1.0,,-5.257593176564633,-6.389364598668141,1.1317714221035082
2016-06-03,14.05,14.19,14.08,13.81,75071.06,-0.04,-0.28,13.628,13.096,13.162,80394.56,62064.8,75484.42,2.79,,,1.0,1.0,,-4.876319743588473,-6.086755627652208,1.2104358840637346
2016-06-06,14.2,14.25,13.86,13.77,49849.64,-0.22,-1.56,13.882,13.199,13.119,81983.67,62015.88,69087.52,1.85,,,1.0,1.0,,-4.539580504150303,-5.777320602951827,1.237740098801524
2016-06-07,13.77,13.95,13.69,13.57,47445.39,-0.17,-1.23,13.97,13.318,13.104,75036.57,62859.28,65167.91,1.76,,,1.0,1.0,,-4.237581607107289,-5.469372803782919,1.2317911966756299
2016-06-08,13.71,13.79,13.65,13.43,45537.41,-0.02,-0.15,13.88,13.454,13.116,58430.44,63388.61,62235.38,1.69,,,1.0,1.0,,-3.95587213954245,-5.166672670934825,1.2108005313923753
2016-06-13,13.44,13.46,12.66,12.64,48047.1,-0.98,-7.18,13.588,13.452,13.084,53190.12,63199.88,60063.24,1.78,,,1.0,1.0,,-3.769052788720513,-4.887148694491962,1.1180959057714492
2016-06-14,12.5,12.78,12.65,12.36,33844.33,-0.02,-0.16,13.302,13.465,13.063,44944.77,62669.67,58367.11,1.26,,,1.0,1.0,,-3.5805299037321525,-4.625824936340001,1.0452950326078483
2016-06-15,12.47,13.18,13.0,12.41,40939.45,0.35,2.77,13.13,13.506,13.045,43162.74,62573.2,57156.09,1.52,,,1.0,1.0,,-3.3641028012058634,-4.373480509313174,1.0093777081073103
2016-06-16,13.05,13.11,12.83,12.79,31579.2,-0.16,-1.23,12.958,13.464,13.029,39989.5,57513.04,55495.52,1.17,,,1.0,1.0,,-3.1697613071900417,-4.132736668888548,0.962975361698506
2016-06-17,12.94,13.6,13.36,12.94,64802.27,0.55,4.29,12.9,13.39,13.081,43842.47,51136.45,54289.53,2.41,,,1.0,1.0,,-2.9390976146455667,-3.8940088580399514,0.9549112433943847
2016-06-20,13.21,13.32,13.23,12.91,33338.04,-0.1,-0.75,13.014,13.301,13.121,40900.66,47045.39,52865.18,1.24,,,1.0,1.0,,-2.7352545778697444,-3.66225800200591,0.9270034241361658
2016-06-21,13.36,13.57,13.48,13.08,61260.75,0.25,1.89,13.18,13.241,13.169,46383.94,45664.36,53864.58,2.28,,,1.0,1.0,,-2.5244344826423095,-3.43469329813319,0.9102588154908804
2016-06-22,13.54,13.54,13.45,13.01,39748.86,-0.02,-0.15,13.27,13.2,13.2,46145.82,44654.28,53335.08,1.48,,,1.0,1.0,,-2.3328867216220424,-3.21433198283096,0.8814452612089179
2016-06-23,13.44,13.45,13.22,13.15,32122.15,-0.22,-1.64,13.348,13.153,13.236,46254.41,43121.96,52990.62,1.19,,,1.0,1.0,,-2.174575664166026,-3.006380719097973,0.8318050549319471
2016-06-24,13.3,13.35,13.05,12.4,44142.95,-0.17,-1.29,13.286,13.093,13.274,42122.55,42982.51,53185.56,1.64,,,1.0,1.0,,-2.0393225489037228,-2.812969085059123,0.7736465361554004
2016-06-27,12.91,13.35,13.35,12.84,36175.77,0.28,2.14,13.31,13.162,13.307,42690.1,41795.38,52497.63,1.34,,,1.0,1.0,,-1.8861832415169744,-2.6276119163506935,0.7414286748337191
2016-06-28,13.47,14.66,14.66,13.47,194084.94,1.33,9.98,13.546,13.363,13.414,69254.93,57819.44,60244.55,7.21,,,1.0,1.0,,-1.640205912464486,-2.430130715573452,0.7899248031089661
2016-06-29,14.65,14.96,14.67,14.5,110915.24,0.01,0.07,13.79,13.53,13.518,83488.21,64817.02,63695.11,4.12,,,1.0,1.0,,-1.4279991057998362,-2.229704393618729,0.8017052878188928
2016-06-30,14.67,14.73,14.68,14.25,57044.93,0.02,0.14,14.082,13.715,13.59,88472.77,67363.59,62438.31,2.12,,,1.0,1.0,,-1.2446689968084446,-2.032697314256672,0.7880283174482274
2016-07-01,14.86,15.29,14.69,14.66,103724.79,0.01,0.07,14.41,13.848,13.619,100389.13,71255.84,61196.15,3.85,,,1.0,1.0,,-1.0860523131621012,-1.843368314037758,0.7573160008756568
2016-07-04,14.58,14.96,14.89,14.32,65414.97,0.2,1.36,14.718,14.014,13.658,106236.97,74463.54,60754.46,2.43,,,,0.0,,-0.9334489021780765,-1.6613844316658217,0.7279355294877452
2016-07-05,14.94,16.1,16.01,14.65,116720.95,1.12,7.52,14.988,14.267,13.754,90764.18,80009.55,62836.96,4.34,,,,0.0,,-0.7139055015247457,-1.4718886456376066,0.7579831441128608
2016-07-06,15.76,16.8,16.63,15.62,153012.88,0.6,3.74,15.38,14.585,13.893,99183.7,91335.96,67995.12,5.68,,,,0.0,,-0.48430419900119936,-1.2743717563103252,0.7900675573091258
2016-07-07,16.62,16.88,16.49,16.33,113868.1,-0.13,-0.78,15.742,14.912,14.033,110548.34,99510.55,71316.25,4.23,,,,0.0,,-0.3100660936166406,-1.0815106237715884,0.7714445301549477
2016-07-08,16.5,17.98,17.54,16.5,159814.22,1.04,6.3,16.312,15.361,14.227,121766.22,111077.68,77030.09,5.94,,,,0.0,,-0.08626055699208202,-0.8824606104156871,0.7962000534236051
2016-07-11,17.77,18.18,17.28,16.98,157150.38,-0.26,-1.48,16.79,15.754,14.458,140113.31,123175.14,82485.26,5.84,,,,0.0,,0.06932794671083009,-0.6921028989903837,0.7614308457012138
2016-07-12,17.66,17.66,17.18,16.5,128392.36,-0.11,-0.64,17.024,16.006,14.685,142447.59,116605.88,87212.66,4.77,,,,0.0,,0.182460501501307,-0.5171902188920455,0.6996507203933525
2016-07-13,17.18,17.29,16.77,16.68,83145.97,-0.41,-2.39,17.052,16.216,14.873,128474.21,113828.95,89322.99,3.09,,,,0.0,,0.2363112438414099,-0.36648992634535443,0.6028011701867644
2016-07-14,16.77,17.1,16.87,16.7,53170.73,0.11,0.66,17.128,16.435,15.075,116334.73,113441.53,90402.56,1.98,,,,0.0,,0.28378619873646116,-0.2364347013289913,0.5202209000654525
2016-07-15,16.86,17.08,16.94,16.53,62392.17,0.06,0.35,17.008,16.66,15.254,96850.32,109308.27,90282.06,2.32,,,,0.0,,0.323331691047553,-0.12448142285368242,0.4478131139012354
2016-07-18,16.85,16.9,16.61,16.5,44944.66,-0.33,-1.95,16.874,16.832,15.423,74409.18,107261.24,90862.39,1.67,,,,0.0,,0.3243051486582651,-0.03472410855129292,0.35902925720955803
2016-07-19,16.8,17.15,16.89,16.67,57947.53,0.29,1.75,16.816,16.92,15.594,60320.21,101383.9,90696.73,2.15,,,,0.0,,0.3437082262887863,0.040962358416722924,0.30274586787206337
2016-07-20,16.77,16.77,16.53,16.43,114704.99,-0.37,-2.19,16.768,16.91,15.748,66632.02,97553.11,94444.53,4.26,,,,0.0,,0.32627521615556176,0.09802492996449069,0.22825028619107107
2016-07-21,16.55,16.56,16.23,16.02,79907.62,-0.34,-2.05,16.64,16.884,15.898,71979.39,94157.06,96833.81,2.97,,,,0.0,,0.2849670148699204,0.13541334694557663,0.14955366792434374
2016-07-22,16.4,16.6,16.33,16.23,60507.11,0.11,0.68,16.518,16.763,16.062,71602.38,84226.35,97652.02,2.25,,,,0.0,,0.2573327601319413,0.15979722958284956,0.09753553054909173
2016-07-25,16.28,16.28,15.44,15.25,129386.33,-0.9,-5.51,16.284,16.579,16.167,88490.72,81449.95,102312.54,4.81,,,,0.0,,0.1617522726861509,0.16018823820350983,0.001564034482641058
2016-07-26,15.43,15.86,15.81,15.43,62341.96,0.21,1.35,16.068,16.442,16.224,89369.6,74844.91,95725.39,2.32,,,-1.0,-1.0,,0.11453961417237224,0.15105851339728232,-0.036518899224910084
2016-07-27,15.77,15.98,14.92,14.7,87816.02,-0.89,-5.63,15.746,16.257,16.237,83991.81,75311.91,94570.43,3.26,,,-1.0,-1.0,,0.005247193807761619,0.12189624947937819,-0.11664905567161657
2016-07-28,14.9,15.3,15.3,14.02,99454.77,0.39,2.62,15.56,16.1,16.268,87901.24,79940.32,96690.93,3.69,,-1.0,-1.0,0.0,,-0.05012717763240815,0.08749156405702091,-0.13761874168942906
2016-07-29,15.31,15.31,14.96,14.81,44542.25,-0.29,-1.9,15.286,15.902,16.281,84708.27,78155.32,93731.8,1.65,,-1.0,-1.0,0.0,,-0.12006291391593216,0.04598066846243029,-0.16604358237836245
2016-08-01,14.96,15.17,14.84,14.56,46467.24,-0.12,-0.8,15.166,15.725,16.279,68124.45,78307.58,92784.41,1.73,,,-1.0,-1.0,,-0.18306028093104665,0.00017247858373489744,-0.18323275951478155
2016-08-02,14.84,15.04,14.97,14.75,32912.53,0.13,0.88,14.998,15.533,16.227,62238.56,75804.08,88593.99,1.22,,,-1.0,-1.0,,-0.21996066499210798,-0.04385415013143368,-0.1761065148606743
2016-08-03,14.95,15.05,15.04,14.81,26516.02,0.08,0.54,15.022,15.384,16.147,49978.56,66985.19,82269.15,0.99,,,-1.0,-1.0,,-0.24078050247593552,-0.08323942060033404,-0.15754108187560148
2016-08-04,14.94,15.09,14.99,14.82,29291.82,-0.05,-0.33,14.96,15.26,16.072,35945.97,61923.61,78040.33,1.09,,,-1.0,-1.0,,-0.25833700759886646,-0.11825893800004053,-0.14007806959882593
2016-08-05,15.0,15.09,14.78,14.78,30754.55,-0.19,-1.27,14.924,15.105,15.934,33188.43,58948.35,71587.35,1.14,,,-1.0,-1.0,,-0.2859002294746791,-0.15178719629496823,-0.13411303317971085
2016-08-08,14.76,14.95,14.95,14.48,26366.95,0.17,1.15,14.946,15.056,15.818,29168.37,48646.41,65048.18,0.98,,,-1.0,-1.0,,-0.2906759704944797,-0.17956495113487053,-0.11111101935960915
2016-08-09,15.03,16.05,16.01,14.95,111401.43,1.09,7.31,15.154,15.076,15.759,44866.15,53552.36,64198.63,4.14,,,-1.0,-1.0,,-0.20654669670093817,-0.18496130024808405,-0.021585396452854122
2016-08-10,16.0,16.25,16.02,15.9,61005.0,0.01,0.06,15.35,15.186,15.722,51763.95,50871.26,63091.58,2.27,,,1.0,1.0,,-0.1374819186951619,-0.17546542393749961,0.037983505242337706
2016-08-11,15.99,16.55,16.08,15.85,78036.01,0.07,0.44,15.568,15.264,15.682,61512.79,48729.38,64334.85,2.9,,,1.0,1.0,,-0.07701826733798356,-0.1557759926175964,0.07875772527961283
2016-08-12,15.94,16.0,15.99,15.59,56811.53,-0.09,-0.56,15.81,15.367,15.635,66724.18,49956.31,64055.82,2.11,,,1.0,1.0,,-0.03594824684631526,-0.13181044346334017,0.09586219661702491
2016-08-15,15.4,16.15,16.09,14.99,142176.59,0.11,0.69,16.038,15.492,15.609,89886.11,59527.24,68917.41,5.28,,,1.0,1.0,,0.0046159942436965196,-0.10452515592193283,0.10914115016562935
2016-08-16,16.02,16.02,15.76,15.71,78004.17,-0.33,-2.05,15.988,15.571,15.552,83206.66,64036.41,69920.24,2.9,,,1.0,1.0,,0.010019704565003451,-0.08161618382454558,0.09163588838954903
2016-08-17,15.71,15.71,15.55,15.4,56796.78,-0.2,-1.27,15.894,15.622,15.503,82365.02,67064.48,67024.83,2.11,,,1.0,1.0,,-0.0026129406768795604,-0.06581553519501238,0.06320259451813282
2016-08-18,15.51,15.74,15.5,15.4,40877.6,-0.06,-0.39,15.778,15.673,15.467,74933.33,68223.06,65073.33,1.52,,,1.0,1.0,,-0.016469139192007987,-0.0559462559944115,0.03947711680240351
2016-08-19,15.49,15.58,15.43,15.25,45879.21,-0.06,-0.39,15.666,15.738,15.422,72746.87,69735.53,64341.94,1.7,,,1.0,1.0,,-0.03272149826577575,-0.051301304448684346,0.018579806182908595
2016-08-22,15.5,15.69,15.38,15.33,40092.55,-0.05,-0.32,15.524,15.781,15.419,52330.06,71108.09,59877.25,1.49,,,1.0,1.0,,-0.049070537445897955,-0.050855151048127066,0.0017846136022291112
2016-08-23,15.38,15.49,15.32,15.2,33630.31,-0.07,-0.46,15.436,15.712,15.394,43455.29,63330.98,58441.67,1.25,,,-1.0,-1.0,,-0.06610673010900392,-0.05390546686030244,-0.01220126324870148
2016-08-24,15.31,15.85,15.65,15.31,53096.71,0.34,2.22,15.456,15.675,15.431,42715.28,62540.15,56705.7,1.97,,,1.0,1.0,,-0.05237603512871303,-0.05359958051398456,0.0012235453852715295
2016-08-25,15.45,15.48,15.38,15.2,36076.2,-0.27,-1.73,15.432,15.605,15.435,41755.0,58344.17,53536.77,1.34,,,-1.0,-1.0,,-0.06255995176662132,-0.05539165476451191,-0.007168297002109414
2016-08-26,15.38,16.04,15.97,15.31,99348.42,0.59,3.84,15.54,15.603,15.485,52448.84,62597.85,56277.08,3.69,,,1.0,1.0,,-0.022760342844565074,-0.048865392380522545,0.02610504953595747
2016-08-29,16.01,16.19,15.94,15.85,53457.1,-0.04,-0.25,15.652,15.588,15.54,55121.75,53725.91,56626.57,1.99,,,1.0,1.0,,0.006287901670944507,-0.03783473357022914,0.044122635241173644
2016-08-30,15.85,16.0,15.68,15.65,43729.9,-0.24,-1.51,15.724,15.58,15.576,57141.67,50298.48,57167.44,1.62,,,1.0,1.0,,0.008234100061489613,-0.028620966843885386,0.036855066905375
2016-08-31,15.76,16.16,16.0,15.75,76071.13,0.32,2.04,15.794,15.625,15.624,61736.55,52225.91,59645.2,2.83,,,1.0,1.0,,0.03519212899925073,-0.015858347675258164,0.05105047667450889
2016-09-01,16.03,16.05,15.7,15.7,39599.86,-0.3,-1.88,15.858,15.645,15.659,62441.28,52098.14,60160.6,1.47,,,1.0,1.0,,0.03198041800747653,-0.006290594538711225,0.038271012546187755
2016-09-02,15.71,15.99,15.9,15.59,37478.92,0.19,1.21,15.844,15.692,15.715,50067.38,51258.11,60496.82,1.39,,,1.0,1.0,,0.04505408696825164,0.0039783417626813485,0.041075745205570294
2016-09-05,15.92,16.95,16.7,15.83,139317.78,0.8,5.03,15.996,15.824,15.803,67239.52,61180.63,66144.36,5.18,,,1.0,1.0,,0.1186012169293349,0.02690291679601206,0.09169830013332284
2016-09-06,16.52,17.04,16.87,16.23,96374.12,0.18,1.08,16.234,15.979,15.846,77768.36,67455.01,65392.99,3.58,,,1.0,1.0,,0.18843328493953848,0.05920899042471735,0.12922429451482115
2016-09-07,16.76,17.0,16.41,16.28,124655.42,-0.46,-2.73,16.316,16.055,15.865,87485.22,74610.88,68575.52,4.63,,,1.0,1.0,,0.20430247457784745,0.08822768725534337,0.11607478732250408
2016-09-08,16.3,16.58,16.57,16.15,60501.63,0.16,0.97,16.49,16.174,15.89,91665.57,77053.43,67698.8,2.25,,,1.0,1.0,,0.22717089979785854,0.1160163297638464,0.11115457003401213
2016-09-09,16.43,16.65,16.3,16.26,43432.0,-0.26,-1.57,16.57,16.207,15.905,92856.19,71461.79,67029.82,1.61,,,1.0,1.0,,0.2209604534625651,0.13700515450359013,0.08395529895897497
2016-09-12,16.01,16.05,15.39,15.28,55599.96,-0.91,-5.58,16.308,16.152,15.87,76112.63,71676.07,62700.99,2.07,,,1.0,1.0,,0.14098405871596498,0.1378009353460651,0.0031831233698998707
2016-09-13,15.39,15.57,15.37,15.26,31081.7,-0.01,-0.07,16.008,16.121,15.851,63054.14,70411.25,60354.87,1.15,,,-1.0,-1.0,,0.07512239264707965,0.125265226806268,-0.050142834159188354
2016-09-14,15.28,15.54,15.46,15.06,34418.33,0.09,0.59,15.818,16.067,15.846,45006.72,66245.97,59235.94,1.28,,,-1.0,-1.0,,0.029844763759525605,0.10618113419691952,-0.07633637043739391
2016-09-19,15.47,16.15,16.13,15.47,51250.77,0.66,4.27,15.73,16.11,15.878,43156.55,67411.06,59754.6,1.9,,,-1.0,-1.0,,0.04747802017230285,0.09444051139199619,-0.04696249121969334
2016-09-20,16.22,16.49,16.13,16.02,42030.0,0.0,0.0,15.696,16.133,15.913,42876.15,67866.17,59562.14,1.56,,,-1.0,-1.0,,0.06075218949658989,0.08770284701291493,-0.02695065751632504
2016-09-21,16.13,16.39,16.26,16.05,28389.1,0.13,0.81,15.87,16.089,15.957,37433.98,56773.3,58976.97,1.05,,,-1.0,-1.0,,0.08083021743445862,0.08632832109722367,-0.005498103662765055
2016-09-22,16.4,16.63,16.32,16.26,49170.48,0.06,0.37,16.06,16.034,16.007,41051.74,52052.94,59753.98,1.83,1.0,,1.0,2.0,,0.10042604881103045,0.08914786663998503,0.011278182171045426
2016-09-23,16.28,16.29,15.96,15.9,46714.28,-0.34,-2.09,16.16,15.989,16.022,43510.93,44258.83,59434.86,1.74,,,-1.0,-1.0,,0.08591650303699261,0.08850159391938654,-0.002585090882393934
2016-09-26,16.13,16.33,15.74,15.73,39349.5,-0.24,-1.5,16.082,15.906,16.04,41130.67,42143.61,59598.52,1.46,,,-1.0,-1.0,,0.05601966229622768,0.08200520759475477,-0.02598554529852709
2016-09-27,15.74,15.94,15.81,15.51,22624.01,0.07,0.45,16.018,15.857,16.032,37249.47,40062.81,55762.3,0.84,,,-1.0,-1.0,,0.037541856447523614,0.07311253736530854,-0.035570680917784925
2016-09-28,15.88,16.15,16.13,15.72,35938.79,0.31,1.96,15.992,15.931,16.042,38759.41,38096.7,54886.38,1.34,,,-1.0,-1.0,,0.048164181136458595,0.06812286611953855,-0.019958684983079955
2016-09-29,16.16,16.29,16.17,16.04,34767.85,0.04,0.25,15.962,16.011,16.066,35878.89,38465.31,54438.28,1.29,,,-1.0,-1.0,,0.05912851892822957,0.06632399668127675,-0.007195477753047186
2016-09-30,16.17,16.3,16.29,16.11,22039.98,0.13,0.8,16.028,16.094,16.081,30944.03,37227.48,51736.72,0.82,1.0,,1.0,2.0,,0.07661763236704466,0.06838272381843033,0.008234908548614334
2016-10-10,16.3,16.66,16.5,16.3,37410.96,0.21,1.29,16.18,16.131,16.121,30556.32,35843.5,51627.28,1.39,,1.0,1.0,0.0,,0.1061989305613622,0.07594596516701671,0.030252965394345493
2016-10-11,16.49,16.6,16.42,16.35,34727.2,-0.07,-0.42,16.302,16.16,16.147,32976.96,35113.21,51489.69,1.29,,1.0,1.0,0.0,,0.12178315073569834,0.08511340228075304,0.036669748454945306
2016-10-12,16.42,16.57,16.33,16.2,30088.43,-0.09,-0.55,16.342,16.167,16.128,31806.88,35283.15,46028.23,1.12,,1.0,1.0,0.0,,0.12542568049353164,0.09317585792330876,0.03224982257022288
2016-10-13,16.29,16.99,16.86,16.26,112170.87,0.54,3.31,16.48,16.221,16.128,47287.49,41583.19,46818.06,4.17,,,1.0,1.0,,0.16912936414432878,0.10836655916751277,0.06076280497681601
2016-10-14,16.8,16.8,16.66,16.5,38329.31,-0.2,-1.19,16.554,16.291,16.14,50545.35,40744.69,42501.76,1.42,,,1.0,1.0,,0.18548832581781127,0.12379091249757247,0.0616974133202388
2016-10-17,16.68,16.75,16.41,16.4,33648.9,-0.27,-1.62,16.536,16.358,16.132,49792.94,40174.63,41159.12,1.25,,,1.0,1.0,,0.17624832911392474,0.13428239582084292,0.04196593329308182
2016-10-18,16.3,16.93,16.77,16.3,59191.59,0.36,2.19,16.606,16.454,16.156,54685.82,43831.39,41947.1,2.2,,,1.0,1.0,,0.19571843620787632,0.1465696038982496,0.04914883230962672
2016-10-19,16.7,16.9,16.77,16.65,33021.19,0.0,0.0,16.694,16.518,16.225,55272.37,43539.63,40818.16,1.23,,,1.0,1.0,,0.20874238408822876,0.15900415993624545,0.04973822415198331
2016-10-20,16.77,16.9,16.85,16.5,31791.5,0.08,0.48,16.692,16.586,16.299,39196.5,43241.99,40853.65,1.18,,,1.0,1.0,,0.22294926765160383,0.17179318147931713,0.0511560861722867
2016-10-21,16.7,16.93,16.81,16.5,50620.36,0.01,0.06,16.722,16.638,16.366,41654.71,46100.03,41663.75,1.88,,,1.0,1.0,,0.2283484012963939,0.18310422544273247,0.04524417585366142
2016-10-24,16.74,17.3,17.28,16.74,83793.51,0.46,2.73,16.896,16.716,16.424,51683.63,50738.29,43290.89,3.11,,,1.0,1.0,,0.26746910826827985,0.19997720200784194,0.06749190626043791
2016-10-25,17.1,17.86,17.03,16.96,98605.2,-0.26,-1.5,16.948,16.777,16.469,59566.35,57126.09,46119.65,3.66,,,1.0,1.0,,0.27512813386427837,0.21500738837912922,0.060120745485149146
2016-10-26,17.01,17.09,16.79,16.61,56061.39,-0.26,-1.52,16.952,16.823,16.495,64174.39,59723.38,47503.27,2.08,,,1.0,1.0,,0.2588481324495824,0.22377553719321985,0.035072595256362527
2016-10-27,16.73,16.97,16.82,16.62,26712.68,0.03,0.18,16.946,16.819,16.52,63158.63,51177.56,46380.38,0.99,,,1.0,1.0,,0.24553647171214976,0.22812772409700582,0.017408747615143938
2016-10-28,16.65,16.85,16.64,16.64,22286.04,-0.16,-0.95,16.912,16.817,16.554,57491.76,49573.24,45158.96,0.83,,,-1.0,-1.0,,0.21794999709778295,0.22609217869716125,-0.008142181599378295
2016-10-31,16.64,16.64,16.56,16.23,36521.8,-0.08,-0.48,16.768,16.832,16.595,48037.42,49860.53,45017.58,1.36,,,-1.0,-1.0,,0.187471135253503,0.2183679700084296,-0.030896834754926605
2016-11-01,16.54,16.77,16.49,16.34,48518.27,-0.1,-0.6,16.66,16.804,16.629,38020.04,48793.19,46312.29,1.8,,,-1.0,-1.0,,0.15587121631278933,0.20586861926930156,-0.04999740295651223
2016-11-02,16.44,16.62,16.45,16.36,34009.3,0.0,0.0,16.592,16.772,16.645,33609.62,48892.01,46215.82,1.26,,,-1.0,-1.0,,0.12614625171465121,0.1899241457583715,-0.06377789404372028
2016-11-03,16.41,16.88,16.64,16.36,46138.92,0.2,1.22,16.556,16.751,16.669,37494.87,50326.75,46784.37,1.71,,,-1.0,-1.0,,0.11657659282192157,0.1752546351710815,-0.05867804234915994
2016-11-04,16.7,16.85,16.82,16.59,31707.18,0.18,1.08,16.592,16.752,16.695,39379.09,48435.43,47267.73,1.18,,,-1.0,-1.0,,0.12210946300201186,0.16462560073726756,-0.0425161377352557
2016-11-07,17.1,17.1,16.7,16.52,34787.15,-0.13,-0.77,16.62,16.694,16.705,39032.16,43534.79,47136.54,1.29,,,-1.0,-1.0,,0.11548012239664729,0.1547965050691435,-0.03931638267249621
2016-11-08,16.57,16.57,16.32,16.19,61403.9,-0.36,-2.16,16.586,16.623,16.7,41609.29,39814.66,48470.37,2.28,,,-1.0,-1.0,,0.07865679146769722,0.13956856234885423,-0.06091177088115701
2016-11-09,16.3,16.36,16.05,15.9,46659.8,-0.26,-1.59,16.506,16.549,16.686,44139.39,38874.5,49298.94,1.73,,,-1.0,-1.0,,0.027371768187549605,0.11712920351659331,-0.0897574353290437
2016-11-10,16.12,16.42,16.25,16.12,33520.64,0.21,1.31,16.428,16.492,16.656,41615.73,39555.3,45366.43,1.25,,,-1.0,-1.0,,0.002833681364784013,0.09427009908623145,-0.09143641772144744
2016-11-11,16.24,16.38,16.38,16.05,38122.29,0.13,0.8,16.34,16.466,16.642,42898.76,41138.93,45356.08,1.42,,,-1.0,-1.0,,-0.006053237728433913,0.07420543172329838,-0.0802586694517323
2016-11-14,16.3,17.46,16.9,16.26,134969.64,0.55,3.36,16.38,16.5,16.666,62935.25,50983.71,50422.12,5.01,,,-1.0,-1.0,,0.028534540619936877,0.06507125350262608,-0.0365367128826892
2016-11-15,16.98,17.18,17.07,16.76,108817.8,0.11,0.65,16.53,16.558,16.681,72418.03,57013.66,52903.43,4.04,1.0,,1.0,2.0,,0.06886930097128285,0.06583086299635743,0.003038437974925423
2016-11-16,17.08,17.7,17.02,16.89,85393.36,-0.04,-0.23,16.724,16.615,16.694,80164.75,62152.07,55522.04,3.17,,,1.0,1.0,,0.09569716961155095,0.07180412431939613,0.023893045292154816
2016-11-17,16.75,16.95,16.83,16.59,75634.61,-0.12,-0.71,16.84,16.634,16.693,88587.54,65101.64,57714.19,2.81,,,1.0,1.0,,0.10046889382131496,0.0775370782197799,0.022931815601535066
2016-11-18,16.88,16.93,16.8,16.73,31421.61,-0.02,-0.12,16.924,16.632,16.692,87247.4,65073.08,56754.25,1.17,,,1.0,1.0,,0.10066931713300065,0.08216352600242405,0.0185057911305766
2016-11-21,16.8,17.33,17.14,16.73,144256.62,0.32,1.9,16.972,16.676,16.685,89104.8,76020.03,59777.41,5.36,,,1.0,1.0,,0.12680162238137882,0.091091145278215,0.035710477103163815
2016-11-22,17.22,18.32,17.93,17.13,218735.16,0.83,4.85,17.144,16.837,16.73,111088.27,91753.15,65783.91,8.13,,,1.0,1.0,,0.20885056099613308,0.11464302842179862,0.09420753257433447
2016-11-23,17.82,17.94,17.49,17.18,210819.05,-0.46,-2.56,17.238,16.981,16.765,136173.41,108169.08,73521.79,7.83,,,1.0,1.0,,0.23565413898779397,0.1388452505349977,0.09680888845279628
2016-11-24,17.35,18.5,18.41,17.2,183844.86,0.9,5.14,17.554,17.197,16.845,157815.46,123201.5,81378.4,6.83,,,1.0,1.0,,0.3273588893916539,0.17654797830632893,0.150810911085325
2016-11-25,18.42,18.5,18.02,17.84,116504.6,-0.39,-2.12,17.798,17.361,16.914,174832.06,131039.73,86089.33,4.33,,,1.0,1.0,,0.364365643817564,0.21411151140857593,0.15025413240898805
2016-11-28,18.05,18.85,18.15,17.94,107740.5,0.21,1.17,18.0,17.486,16.993,167528.83,128316.82,89650.26,4.0,,,1.0,1.0,,0.399577595076412,0.2512047281421431,0.14837286693426888
2016-11-29,18.24,18.3,17.45,17.44,130238.11,-0.72,-3.96,17.904,17.524,17.041,149829.42,130458.85,93736.26,4.84,,,1.0,1.0,,0.36677125950911105,0.2743180344155367,0.09245322509357434
2016-11-30,17.27,17.55,17.41,17.0,102975.47,-0.04,-0.23,17.888,17.563,17.089,128260.71,132217.06,97184.56,3.83,,,1.0,1.0,,0.3336976774035705,0.2861939630131435,0.047503714390427
2016-12-01,17.35,17.54,17.15,16.8,90392.5,0.0,0.0,17.636,17.595,17.115,109570.24,133692.85,99397.24,3.36,,,-1.0,-1.0,,0.28324176347582863,0.2856035231056805,-0.002361759629851856
2016-12-02,17.13,17.56,17.45,17.02,122335.38,0.42,2.47,17.522,17.66,17.146,110736.39,142784.23,103928.65,4.54,,,-1.0,-1.0,,0.2644145743475299,0.28136573335405035,-0.016951159006520444
2016-12-05,17.3,18.45,18.33,17.1,155241.94,0.88,5.04,17.558,17.779,17.228,120236.68,143882.76,109951.39,5.77,1.0,,1.0,2.0,,0.3168500862914847,0.2884626039415372,0.02838748234994748
2016-12-06,18.0,20.1,19.59,18.0,204907.59,1.25,6.82,17.986,17.945,17.391,135170.58,142500.0,117126.58,7.61,,,1.0,1.0,,0.45483403341234663,0.3217368898356991,0.13309714357664754
2016-12-07,19.62,20.43,19.88,19.06,126123.04,0.3,1.53,18.48,18.184,17.583,139800.09,134030.4,121099.74,4.69,,,1.0,1.0,,0.5808917237957836,0.37356785662771597,0.2073238671680676
2016-12-08,20.1,20.11,19.39,19.31,99606.78,-0.49,-2.46,18.928,18.282,17.74,141642.95,125606.59,124404.05,3.7,,,1.0,1.0,,0.6339467037395536,0.4256436260500835,0.20830307768947015
2016-12-09,19.41,20.0,19.7,19.36,127340.48,0.31,1.6,19.378,18.45,17.906,142643.97,126690.18,128864.95,4.73,,,1.0,1.0,,0.6930188765873524,0.4791186761575373,0.2139002004298151
2016-12-12,19.7,19.87,18.13,17.73,131172.0,-1.57,-7.97,19.338,18.448,17.967,137829.98,129033.33,128675.07,4.87,,,1.0,1.0,,0.6061606772334933,0.5045270763727285,0.10163360086076478
2016-12-13,18.14,18.3,17.94,17.37,92389.77,-0.19,-1.05,19.008,18.497,18.011,115326.41,125248.5,127853.67,3.43,,,1.0,1.0,,0.5160448723011726,0.5068306355584173,0.009214236742755233
2016-12-14,17.95,18.59,17.86,17.78,71213.01,-0.08,-0.45,18.604,18.542,18.053,104344.41,122072.25,127144.65,2.65,,,-1.0,-1.0,,0.43317870180090523,0.49210024880691494,-0.05892154700600971
2016-12-15,17.7,18.11,17.98,17.63,59877.76,0.12,0.67,18.322,18.625,18.11,96398.6,119020.78,126356.81,2.22,,,-1.0,-1.0,,0.37289120409499077,0.4682584398645301,-0.09536723576953932
2016-12-16,18.0,18.49,18.48,17.9,53145.71,0.5,2.78,18.078,18.728,18.194,81559.65,112101.81,127443.02,1.97,,,-1.0,-1.0,,0.36129397707075483,0.44686554730577505,-0.08557157023502021
2016-12-19,18.73,18.73,18.28,18.21,43428.79,-0.2,-1.08,18.108,18.723,18.251,64011.01,100920.49,122401.63,1.61,,,-1.0,-1.0,,0.33213610430737006,0.42391965870609405,-0.09178355439872399
2016-12-20,18.28,18.59,18.34,18.24,38566.24,0.06,0.33,18.188,18.598,18.272,53246.3,84286.36,113393.18,1.43,,,-1.0,-1.0,,0.3102929150561984,0.40119430997611494,-0.09090139491991656
2016-12-21,18.45,18.45,18.26,18.21,33884.04,-0.08,-0.44,18.268,18.436,18.31,45780.51,75062.46,104546.43,1.26,,,-1.0,-1.0,,0.28326143726618014,0.37760773543412796,-0.09434629816794782
2016-12-22,18.24,18.26,17.98,17.76,47707.84,-0.28,-1.53,18.268,18.295,18.289,43346.52,69872.56,97739.58,1.77,,,-1.0,-1.0,,0.23651869612282184,0.3493899275718667,-0.11287123144904487
2016-12-23,17.9,18.2,18.03,17.83,31962.03,0.05,0.28,18.178,18.128,18.289,39109.79,60334.72,93512.45,1.19,,,-1.0,-1.0,,0.20119012461593755,0.31974996698068087,-0.11855984236474332
2016-12-26,18.06,18.16,18.12,17.6,40555.0,0.09,0.5,18.146,18.127,18.288,38535.03,51273.02,90153.17,1.51,,,-1.0,-1.0,,0.17839776660210305,0.2914795269049653,-0.11308176030286227
2016-12-27,18.02,18.22,17.67,17.57,58562.83,-0.45,-2.48,18.012,18.1,18.299,42534.35,47890.33,86569.41,2.18,,,-1.0,-1.0,,0.12261004717129609,0.25770563095823146,-0.13509558378693537
2016-12-28,17.68,17.77,17.47,17.36,37907.62,-0.2,-1.13,17.854,18.061,18.302,43339.06,44559.79,83316.02,1.41,,,-1.0,-1.0,,0.0615500385326726,0.2184745124731197,-0.1569244739404471
2016-12-29,17.58,17.58,17.5,17.26,37035.32,0.03,0.17,17.758,18.013,18.319,41204.56,42275.54,80648.16,1.38,,,-1.0,-1.0,,0.015402737878108752,0.1778601575541175,-0.16245741967600874
2016-12-30,17.45,17.8,17.62,17.45,23535.6,0.12,0.69,17.676,17.927,18.328,39519.27,39314.53,75708.17,0.87,,,-1.0,-1.0,,-0.011355434861258118,0.14001703907104238,-0.1513724739323005
2017-01-03,17.63,18.08,17.93,17.63,24728.9,0.31,1.76,17.638,17.892,18.308,36354.05,37444.54,69182.52,0.92,,,-1.0,-1.0,,-0.0074610638181837885,0.11052141849319715,-0.11798248231138093
2017-01-04,17.85,18.03,17.96,17.82,20374.35,0.03,0.17,17.696,17.854,18.226,28716.36,35625.35,59955.86,0.76,,,-1.0,-1.0,,-0.0019317296526075722,0.0880307888640362,-0.08996251851664377
2017-01-05,17.96,17.96,17.74,17.6,27184.0,-0.22,-1.23,17.75,17.802,18.119,26571.63,34955.35,55008.9,1.01,,,-1.0,-1.0,,-0.015127473771855193,0.06739913633685793,-0.08252661010871312
2017-01-06,17.74,17.74,17.57,17.5,23389.09,-0.17,-0.96,17.764,17.761,18.028,23842.39,32523.47,51198.02,0.87,,,-1.0,-1.0,,-0.03885488043198393,0.046148332983089554,-0.08500321341507348
2017-01-09,17.79,17.84,17.7,17.59,22424.37,0.13,0.74,17.78,17.728,17.928,23620.14,31569.71,45952.21,0.83,,,-1.0,-1.0,,-0.04663156792431522,0.0275923528016086,-0.07422392072592382
2017-01-10,17.7,17.86,17.76,17.56,19896.19,0.06,0.34,17.746,17.692,17.91,22653.6,29503.83,40388.42,0.74,,,-1.0,-1.0,,-0.04740667558441203,0.012592547124404474,-0.0599992227088165
2017-01-11,17.76,19.29,18.78,17.61,111542.94,1.02,5.74,17.91,17.803,17.952,40887.32,34801.84,41346.08,4.14,1.0,,1.0,2.0,,0.033893814717046666,0.016852800642932913,0.017041014074113753
2017-01-12,18.59,18.77,18.3,18.2,52199.09,-0.48,-2.56,18.022,17.886,17.974,45890.34,36230.99,40395.39,1.94,,,1.0,1.0,,0.058913927463578375,0.025265026007062007,0.03364890145651637
2017-01-13,18.27,18.41,18.12,18.04,37663.87,-0.18,-0.98,18.132,17.948,17.981,48745.29,36293.84,39284.69,1.4,,,1.0,1.0,,0.06348622175258711,0.03290926515616703,0.030576956596420082
2017-01-16,18.09,18.1,16.32,16.31,96653.39,-1.8,-9.93,17.856,17.818,17.873,63591.1,43605.62,41460.08,3.59,,,-1.0,-1.0,,-0.07724472969337626,0.010878466186258373,-0.08812319587963463
2017-01-17,16.32,16.56,16.45,15.61,45790.95,0.13,0.8,17.594,17.67,17.781,68770.05,45711.82,41578.18,1.7,,,-1.0,-1.0,,-0.17625336994655427,-0.026547901040304155,-0.1497054689062501
2017-01-18,16.21,16.7,16.36,16.21,20194.0,-0.09,-0.55,17.11,17.51,17.682,50500.26,45693.79,40659.57,0.75,,,-1.0,-1.0,,-0.2589951437067768,-0.07303734957359868,-0.1859577941331781
2017-01-19,16.36,16.48,16.26,16.12,21470.62,-0.1,-0.61,16.702,17.362,17.582,44354.57,45122.45,40038.9,0.8,,,-1.0,-1.0,,-0.32884701609775746,-0.12419928287843043,-0.20464773321932703
2017-01-20,16.26,16.6,16.47,16.26,15518.17,0.21,1.29,16.372,17.252,17.507,39925.43,44335.36,38429.42,0.58,,,-1.0,-1.0,,-0.36307458545140037,-0.17197434339302442,-0.19110024205837595
2017-01-23,16.6,17.27,16.89,16.6,28630.19,0.42,2.55,16.486,17.171,17.45,26320.79,44955.94,38262.82,1.06,,,-1.0,-1.0,,-0.352249181549535,-0.20802931102432654,-0.14421987052520846
2017-01-24,16.9,17.05,16.88,16.81,13941.0,-0.01,-0.06,16.572,17.083,17.388,19950.8,44360.42,36932.12,0.52,,,-1.0,-1.0,,-0.3405512248566289,-0.234533693790787,-0.10601753106584191
2017-01-25,16.88,17.29,17.1,16.8,17998.48,0.22,1.3,16.72,16.915,17.359,19511.69,35005.98,34903.91,0.67,,,-1.0,-1.0,,-0.309955375882339,-0.2496180302090974,-0.060337345673241616
2017-01-26,17.11,17.45,17.17,17.11,11923.91,0.07,0.41,16.902,16.802,17.344,17602.35,30978.46,33604.72,0.44,,,-1.0,-1.0,,-0.27686796855624607,-0.2550680178785271,-0.02179995067771895
2017-02-03,17.17,17.29,17.11,16.91,9350.29,-0.06,-0.35,17.03,16.701,17.325,16368.77,28147.1,32220.47,0.35,,,1.0,1.0,,-0.2525759204397211,-0.2545695983907659,0.0019936779510448255
2017-02-06,17.12,17.31,17.23,17.12,12541.0,0.12,0.7,17.098,16.792,17.305,13150.94,19735.86,31670.74,0.47,,,1.0,1.0,,-0.22109268136905413,-0.24787421498642356,0.02678153361736943
2017-02-07,17.25,17.44,17.13,17.0,27168.13,-0.1,-0.58,17.148,16.86,17.265,15796.36,17873.58,31792.7,1.01,,,1.0,1.0,,-0.20188395923256053,-0.23867616383565096,0.036792204603090434
2017-02-08,17.0,17.25,17.15,17.0,19089.5,0.02,0.12,17.158,16.939,17.225,16014.57,17763.13,31728.46,0.71,,,1.0,1.0,,-0.18293827711157462,-0.22752858649083568,0.04459030937926106
2017-02-09,17.15,17.34,17.16,17.08,19482.75,0.01,0.06,17.156,17.029,17.196,17526.33,17564.34,31343.4,0.72,,,1.0,1.0,,-0.16521230647990137,-0.21506533048864881,0.04985302400874744
2017-02-10,17.16,17.44,17.08,17.0,23200.54,-0.08,-0.47,17.15,17.09,17.171,20296.38,18332.58,31333.97,0.86,,,1.0,1.0,,-0.1558234428057439,-0.20321695295206782,0.047393510146323925
2017-02-13,17.0,17.23,17.14,17.0,19794.2,0.06,0.35,17.132,17.115,17.143,21747.02,17448.98,31202.46,0.74,,,1.0,1.0,,-0.14190540496637993,-0.19095464335493023,0.0490492383885503
2017-02-14,17.2,17.63,17.56,17.14,42071.7,0.42,2.45,17.218,17.183,17.133,24727.74,20262.05,32311.24,1.56,,,1.0,1.0,,-0.09587953024931295,-0.17193962073380678,0.07606009048449383
2017-02-15,17.58,17.58,17.26,17.25,25841.11,-0.3,-1.71,17.24,17.199,17.057,26078.06,21046.31,28026.14,0.96,,,1.0,1.0,,-0.08265835170745817,-0.15408336692853705,0.07142501522107889
2017-02-16,17.2,17.6,17.4,17.2,25267.5,0.14,0.81,17.288,17.222,17.012,27235.01,22380.67,26679.57,0.94,,,1.0,1.0,,-0.060189811804779225,-0.1353046559037855,0.07511484409900626
2017-02-17,17.26,17.65,17.62,17.26,28860.19,0.22,1.26,17.396,17.273,16.987,28366.94,24331.66,26239.38,1.07,,,1.0,1.0,,-0.024350473569864306,-0.11311381943700125,0.08876334586713694
2017-02-20,17.62,18.2,18.03,17.54,54012.72,0.41,2.33,17.574,17.353,17.073,35210.64,28478.83,24107.35,2.01,,,1.0,1.0,,0.03671283101384404,-0.0831484893468322,0.11986132036067623
2017-02-21,18.0,18.07,17.93,17.82,23885.71,-0.1,-0.56,17.648,17.433,17.147,31573.45,28150.59,23012.09,0.89,,,1.0,1.0,,0.07615886359636548,-0.05128701875819266,0.12744588235455814
2017-02-22,17.9,17.95,17.93,17.8,15401.9,0.0,0.0,17.782,17.511,17.225,29485.6,27781.83,22772.48,0.57,,,1.0,1.0,,0.10619596760151495,-0.019790421486251132,0.12598638908776608
2017-02-23,18.12,18.12,17.89,17.8,24920.2,-0.04,-0.22,17.88,17.584,17.307,29416.14,28325.58,22944.96,0.93,,,1.0,1.0,,0.12532821754741263,0.00923330632048162,0.11609491122693101
2017-02-24,17.92,18.06,17.91,17.81,22199.55,0.02,0.11,17.938,17.667,17.379,28084.02,28225.48,23279.03,0.82,,,1.0,1.0,,0.1404850718634556,0.03548365942907642,0.10500141243437919
2017-02-27,17.91,17.91,17.32,17.28,34004.0,-0.59,-3.29,17.796,17.685,17.4,24082.27,29646.46,23547.72,1.26,,,1.0,1.0,,0.10369360362829383,0.04912564826891991,0.05456795535937392
2017-02-28,17.33,18.5,18.0,17.33,61427.52,0.68,3.93,17.81,17.729,17.456,31590.63,31582.04,25922.04,2.28,,,1.0,1.0,,0.12793169998390042,0.06488685861191601,0.0630448413719844
2017-03-01,17.88,18.4,18.03,17.84,40168.26,0.03,0.17,17.83,17.806,17.503,36543.91,33014.75,27030.53,1.49,,,1.0,1.0,,0.1478569127983036,0.08148086944919353,0.06637604334911007
2017-03-02,18.22,18.27,17.82,17.75,28034.0,-0.21,-1.17,17.816,17.848,17.535,37166.67,33291.41,27836.04,1.04,,,1.0,1.0,,0.1450307187036266,0.09419083930008014,0.050839879403546465
2017-03-03,17.68,18.08,17.87,17.68,27489.65,0.05,0.28,17.808,17.873,17.573,38224.69,33154.35,28743.01,1.02,,,1.0,1.0,,0.14515229633652993,0.1043831307073701,0.04076916562915983
2017-03-06,17.83,18.03,17.9,17.81,18320.74,0.03,0.17,17.924,17.86,17.607,35088.03,29585.15,29031.99,0.68,,,1.0,1.0,,0.14598655463767685,0.11270381549343145,0.0332827391442454
2017-03-07,17.89,17.93,17.88,17.8,17020.59,-0.02,-0.11,17.9,17.855,17.644,26206.65,28898.64,28524.62,0.63,,,1.0,1.0,,0.14338106977803022,0.1188392663503512,0.024541803427679018
2017-03-08,17.93,17.97,17.7,17.64,21814.61,-0.18,-1.01,17.834,17.832,17.672,22535.92,29539.91,28660.87,0.81,,,1.0,1.0,,0.12534678882214934,0.12014077084471084,0.0052060179774384985
2017-03-09,17.8,17.8,17.48,17.41,20487.0,-0.22,-1.24,17.766,17.791,17.688,21026.52,29096.59,28711.08,0.76,,,-1.0,-1.0,,0.09223905543709066,0.1145604277631868,-0.022321372326096142
2017-03-10,17.57,17.65,17.45,17.37,17820.0,-0.03,-0.17,17.682,17.745,17.706,19092.59,28658.64,28442.06,0.66,,,-1.0,-1.0,,0.06285562836404424,0.10421946788335829,-0.04136383951931405
2017-03-13,17.45,17.49,17.38,17.2,23283.44,-0.07,-0.4,17.578,17.751,17.718,20085.13,27586.58,28616.52,0.86,,,-1.0,-1.0,,0.03353407577559864,0.09008238946180636,-0.05654831368620772
2017-03-14,17.37,17.5,17.37,17.23,16212.85,-0.01,-0.06,17.476,17.688,17.709,19923.58,23065.11,27323.58,0.6,,,-1.0,-1.0,,0.00938147388122701,0.07394220634569049,-0.06456073246446348
2017-03-15,17.46,17.46,17.4,17.28,13635.9,0.03,0.17,17.416,17.625,17.716,18287.84,20411.88,26713.32,0.51,,,-1.0,-1.0,,-0.007255253801044859,0.05770271431634341,-0.06495796811738827
2017-03-16,17.38,17.66,17.54,17.38,16205.72,0.14,0.81,17.428,17.597,17.723,17431.58,19229.05,26260.23,0.6,,,-1.0,-1.0,,-0.009038954933298982,0.04435438046641493,-0.053393335399713915
2017-03-17,17.54,17.54,17.18,17.15,23474.42,-0.36,-2.05,17.374,17.528,17.701,18562.47,18827.53,25990.94,0.87,,,-1.0,-1.0,,-0.039051382259899015,0.027673227921152142,-0.06672461018105116
2017-03-20,17.04,17.29,17.19,17.04,20156.57,0.01,0.06,17.336,17.457,17.659,17937.09,19011.11,24298.13,0.75,,,-1.0,-1.0,,-0.061322641478632534,0.009874054041195204,-0.07119669551982774
2017-03-21,17.19,17.53,17.46,17.15,24579.69,0.27,1.57,17.354,17.415,17.635,19610.46,19767.02,24332.83,0.91,,,-1.0,-1.0,,-0.056534338684436136,-0.003407624503931065,-0.053126714180505075
2017-03-22,17.45,17.62,17.35,17.24,22598.0,-0.11,-0.63,17.344,17.38,17.606,21402.88,19845.36,24692.64,0.84,,,-1.0,-1.0,,-0.06091348220824955,-0.014908796044794764,-0.04600468616345478
2017-03-23,17.35,17.45,17.19,17.15,20954.6,-0.16,-0.92,17.274,17.351,17.571,22352.66,19892.12,24494.36,0.78,,,-1.0,-1.0,,-0.07641379713763996,-0.027209796263363804,-0.049204000874276156
2017-03-24,17.19,17.19,17.0,16.52,73961.14,-0.19,-1.1,17.238,17.306,17.526,32450.0,25506.23,27082.44,2.75,,,-1.0,-1.0,,-0.10284380117476388,-0.04233659724564382,-0.06050720392912006
2017-03-27,17.0,17.02,16.81,16.66,26120.6,-0.19,-1.12,17.162,17.249,17.5,33642.81,25789.95,26688.27,0.97,,,-1.0,-1.0,,-0.13753575532151885,-0.06137642886081883,-0.07615932646070002
2017-03-28,16.85,16.85,16.59,16.5,28181.77,-0.22,-1.31,16.988,17.171,17.43,34363.22,26986.84,25025.98,1.05,,,-1.0,-1.0,,-0.18069855979180716,-0.08524085504701649,-0.09545770474479066
2017-03-29,16.56,16.61,16.38,16.3,33744.0,-0.21,-1.27,16.794,17.069,17.347,36592.42,28997.65,24704.76,1.25,,,-1.0,-1.0,,-0.22920846574668374,-0.11403437718694995,-0.1151740885597338
2017-03-30,16.39,16.39,16.26,16.15,22180.52,-0.12,-0.73,16.608,16.941,17.269,36837.61,29595.13,24412.09,0.82,,,-1.0,-1.0,,-0.2741753896059542,-0.14606257967075081,-0.1281128099352034
2017-03-31,16.26,16.7,16.26,16.24,22158.02,0.0,0.0,16.46,16.849,17.189,26476.98,29463.49,24145.51,0.82,,,-1.0,-1.0,,-0.3062813796426411,-0.17810633966512887,-0.12817503997751226
2017-04-05,16.28,16.62,16.54,16.28,19003.83,0.28,1.72,16.406,16.784,17.121,25053.63,29348.22,24179.66,0.71,,,-1.0,-1.0,,-0.30560907691192085,-0.20360688711448727,-0.10200218979743358
2017-04-06,16.55,16.64,16.53,16.43,14085.35,-0.01,-0.06,16.394,16.691,17.053,22234.34,28298.78,24032.9,0.52,,,-1.0,-1.0,,-0.3023973402777429,-0.2233649777471384,-0.0790323625306045
2017-04-07,16.59,16.8,16.69,16.54,20966.47,0.16,0.97,16.456,16.625,17.003,19678.84,28135.63,23990.49,0.78,,,-1.0,-1.0,,-0.283671366102503,-0.23542625541821133,-0.04824511068429166
2017-04-10,16.71,16.73,16.47,16.43,20824.98,-0.22,-1.32,16.498,16.553,16.952,19407.73,28122.67,24007.39,0.77,,,-1.0,-1.0,,-0.2833171542432389,-0.24500443518321685,-0.03831271906002204
2017-04-11,16.4,16.55,16.22,16.01,27573.06,-0.25,-1.52,16.49,16.475,16.891,20490.74,23483.86,24495.05,1.02,,,-1.0,-1.0,,-0.2997539722538676,-0.255954342597347,-0.04379962965652057
2017-04-12,16.24,16.32,16.09,16.09,20321.3,-0.13,-0.8,16.4,16.403,16.826,20754.23,22903.93,24346.94,0.75,,,-1.0,-1.0,,-0.31958619180915804,-0.2686807124397092,-0.050905479369448836
2017-04-13,16.1,16.22,15.89,15.8,20955.73,-0.2,-1.24,16.272,16.333,16.752,22128.31,22181.33,24584.08,0.78,,,-1.0,-1.0,,-0.3474366636338537,-0.28443190267853813,-0.0630047609553156
2017-04-14,15.89,16.14,16.08,15.85,17695.03,0.19,1.2,16.15,16.303,16.686,21474.02,20576.43,24787.04,0.66,,,-1.0,-1.0,,-0.3501407465320199,-0.29757367144923447,-0.05256707508278541
2017-04-17,16.09,16.09,15.83,15.8,14629.55,-0.25,-1.55,16.022,16.26,16.601,20234.93,19821.33,24708.23,0.54,,,,0.0,,-0.36821214200457675,-0.3117013655603029,-0.056510776444273825
2017-04-18,15.77,16.02,15.78,15.77,9296.89,-0.05,-0.32,15.934,16.212,16.531,16579.7,18535.22,23999.36,0.35,,,,0.0,,-0.38216309695310713,-0.32579371183886374,-0.05636938511424339
2017-04-19,15.78,15.87,14.2,14.2,88854.27,-1.58,-10.01,15.556,15.978,16.381,30286.29,25520.26,27434.24,3.3,,,,0.0,,-0.5147780833435185,-0.36359058613979467,-0.15118749720372382
2017-04-20,13.93,14.43,14.39,13.88,37729.52,0.19,1.34,15.256,15.764,16.228,33641.05,27884.68,28091.73,1.4,,,,0.0,,-0.5976556016454797,-0.4104035892409317,-0.18725201240454803
2017-04-21,14.37,14.5,14.4,14.28,19817.0,0.01,0.07,14.92,15.535,16.08,34065.45,27769.73,27952.68,0.74,,,,0.0,,-0.654979519384673,-0.45931877526967996,-0.19566074411499307
2017-04-24,14.55,14.55,14.11,14.06,16599.24,-0.29,-2.01,14.576,15.299,15.926,34459.38,27347.16,27734.91,0.62,,,,0.0,,-0.7155611698141335,-0.5105672541785706,-0.2049939156355629
2017-04-25,14.3,14.7,14.65,14.11,22860.83,0.54,3.83,14.35,15.142,15.809,37172.17,26875.94,25179.9,0.85,,,,0.0,,-0.7117939595259415,-0.5508125952480448,-0.16098136427789667
2017-04-26,14.63,14.83,14.78,14.52,14880.1,0.13,0.89,14.466,15.011,15.707,22377.34,26331.82,24617.87,0.55,,,,0.0,,-0.6903604590491419,-0.5787221680082643,-0.11163829104087764
2017-04-27,14.68,14.92,14.83,14.36,19613.3,0.05,0.34,14.554,14.905,15.619,18754.09,26197.57,24189.45,0.73,,,,0.0,,-0.6617118708231686,-0.5953201085712452,-0.06639176225192345
2017-04-28,14.86,14.97,14.84,14.75,9123.2,0.01,0.07,14.642,14.781,15.542,16615.33,25340.39,22958.41,0.34,,,,0.0,,-0.6309277988988526,-0.6024416466367667,-0.02848615226208595
2017-05-02,14.93,15.74,15.43,14.63,25088.54,0.59,3.98,14.906,14.741,15.501,18313.19,26386.29,23103.81,0.93,,,1.0,1.0,,-0.5525536365775352,-0.5924640446249204,0.039910408047385215
2017-05-03,15.48,15.55,15.43,15.32,10141.0,0.0,0.0,15.062,14.706,15.459,15769.23,26470.7,22502.96,0.38,,,1.0,1.0,,-0.48485247080923877,-0.570941729861784,0.08608925905254527
2017-05-04,15.43,15.68,15.42,15.3,11215.98,-0.01,-0.07,15.19,14.828,15.403,15036.4,18706.87,22113.57,0.42,,,1.0,1.0,,-0.4270825834316909,-0.5421699005757654,0.1150873171440745
2017-05-05,15.35,15.48,15.04,15.03,12679.0,-0.38,-2.46,15.232,14.893,15.329,13649.54,16201.82,22043.25,0.47,,,1.0,1.0,,-0.4072676279828258,-0.5151894460571775,0.10792181807435175
2017-05-08,15.06,15.15,14.6,14.34,17606.95,-0.44,-2.93,15.184,14.913,15.224,15346.29,15980.81,21875.27,0.65,,,1.0,1.0,,-0.42220157880798403,-0.49659187260733884,0.0743902937993548
2017-05-09,14.5,14.65,14.53,14.31,11269.12,-0.07,-0.48,15.004,14.955,15.127,12582.41,15447.8,21397.48,0.42,,,1.0,1.0,,-0.4346745992116485,-0.4842084179282008,0.04953381871655227
2017-05-10,14.56,14.69,14.33,14.3,8623.0,-0.2,-1.38,14.784,14.923,15.033,12278.81,14024.02,20449.98,0.32,,,1.0,1.0,,-0.45544776791296293,-0.4784562879251532,0.02300852001219028
2017-05-11,14.05,14.36,13.97,12.9,21408.0,-0.36,-2.51,14.494,14.842,14.927,14317.21,14676.81,20504.31,0.8,,,-1.0,-1.0,,-0.49525070330102317,-0.4818151710003272,-0.01343553230069594
2017-05-12,13.96,14.16,13.98,13.79,11658.0,0.01,0.07,14.282,14.757,14.831,14113.01,13881.28,20039.43,0.43,,,-1.0,-1.0,,-0.5199937358323989,-0.4894508839667416,-0.03054285186565736
2017-05-15,14.24,14.24,13.92,13.71,8703.84,-0.06,-0.43,14.146,14.665,14.723,12332.39,13839.34,19589.87,0.32,,,-1.0,-1.0,,-0.5382397728774109,-0.49920866174887546,-0.03903111112853541
2017-05-16,13.88,14.09,14.09,13.6,15413.24,0.17,1.22,14.058,14.531,14.636,13161.22,12871.81,19629.05,0.57,,,-1.0,-1.0,,-0.5328400608998276,-0.5059349415790659,-0.026905119320761672
2017-05-17,14.09,14.37,14.14,13.99,10314.02,0.05,0.35,14.02,14.402,14.554,13499.42,12889.12,19679.91,0.38,,-1.0,-1.0,0.0,,-0.5185486619327762,-0.508457685649808,-0.010090976282968178
2017-05-18,14.0,14.19,14.12,13.81,13590.0,-0.02,-0.14,14.05,14.272,14.55,11935.82,13126.52,15916.69,0.5,,,1.0,1.0,,-0.5030377520647704,-0.5073736989328005,0.004335946868030072
2017-05-19,14.23,14.25,14.13,14.07,9188.0,0.01,0.07,14.08,14.181,14.537,11441.82,12777.42,14489.62,0.34,,,1.0,1.0,,-0.4843549850506381,-0.502769956156368,0.01841497110572987
2017-05-22,14.13,14.2,13.84,13.7,16577.0,-0.29,-2.05,14.064,14.105,14.509,13016.45,12674.42,14327.62,0.62,,,1.0,1.0,,-0.48733167773129615,-0.49968230047135365,0.012350622740057493
2017-05-23,13.84,13.84,13.62,13.19,29745.41,-0.22,-1.59,13.97,14.014,14.485,15882.89,14522.05,14984.93,1.11,,,-1.0,-1.0,,-0.5016600645582354,-0.50007785328873,-0.001582211269505418
2017-05-24,13.62,13.65,13.38,13.15,17721.68,-0.24,-1.76,13.818,13.919,14.421,17364.42,15431.92,14727.97,0.66,,,-1.0,-1.0,,-0.5263143839860867,-0.5053251594282013,-0.020989224557885322
2017-05-25,13.39,13.5,13.45,12.22,47259.52,0.07,0.52,13.684,13.867,14.355,24098.32,18017.07,16346.94,1.76,,,-1.0,-1.0,,-0.5340485159140478,-0.5110698307253706,-0.022978685188677184
2017-05-26,13.31,13.5,13.29,13.23,12937.79,-0.16,-1.19,13.516,13.798,14.278,24848.28,18145.05,16013.16,0.48,,,-1.0,-1.0,,-0.5467855307759653,-0.5182129707354896,-0.028572560040475703
2017-05-31,13.49,13.7,13.29,13.1,22064.96,0.0,0.0,13.406,13.735,14.2,25945.87,19481.16,16660.25,0.82,,,-1.0,-1.0,,-0.5505334993341524,-0.5246770764552221,-0.025856422878930307
2017-06-01,13.38,13.38,13.0,12.97,11369.0,-0.29,-2.18,13.282,13.626,14.079,22270.59,19076.74,15974.28,0.42,,,-1.0,-1.0,,-0.5703299590383253,-0.5338076529718427,-0.036522306066482546
2017-06-02,13.0,13.33,13.28,12.98,16240.71,0.28,2.15,13.262,13.54,13.971,21974.4,19669.41,16279.26,0.6,,,-1.0,-1.0,,-0.5570043367662301,-0.5384469897307202,-0.01855734703550982
2017-06-05,13.39,14.14,13.79,13.32,21894.3,0.51,3.84,13.33,13.507,13.89,16901.35,20499.84,16813.18,0.81,,,1.0,1.0,,-0.49953264596311975,-0.5306641209772002,0.031131475014080423
2017-06-06,13.68,13.95,13.79,13.61,15159.3,0.0,0.0,13.43,13.473,13.827,17345.65,21096.97,16937.19,0.56,,,1.0,1.0,,-0.4488122882574004,-0.5142937544332402,0.06548146617583983
2017-06-07,13.79,13.95,13.94,13.78,16350.0,0.15,1.09,13.56,13.483,13.794,16202.66,21074.27,16874.34,0.61,,,1.0,1.0,,-0.3919936343482764,-0.48983373041624745,0.09784009606797106
2017-06-08,13.94,14.08,13.96,13.87,10933.62,0.02,0.14,13.752,13.517,13.766,16115.59,19193.09,16857.57,0.41,,,1.0,1.0,,-0.341414989441148,-0.46014998222122755,0.11873499278007954
2017-06-09,13.94,13.99,13.78,13.65,8796.44,-0.18,-1.29,13.852,13.557,13.738,14626.73,18300.56,16866.24,0.33,,,1.0,1.0,,-0.3122560512439261,-0.43057119602576727,0.11831514478184119
2017-06-12,13.66,13.74,13.7,13.6,5623.68,-0.08,-0.58,13.834,13.582,13.725,11372.61,14136.98,16077.03,0.21,,,1.0,1.0,,-0.292234022157853,-0.4029037612521844,0.11066973909433142
2017-06-13,13.71,13.84,13.79,13.6,7231.0,0.09,0.66,13.834,13.632,13.715,9786.95,13566.3,15855.68,0.27,,,1.0,1.0,,-0.26603745780656496,-0.37553050056306053,0.10949304275649557
2017-06-14,13.8,13.86,13.85,13.68,8073.0,0.06,0.43,13.816,13.688,13.712,8131.55,12167.11,15824.13,0.3,,,1.0,1.0,,-0.23769499333981337,-0.3479633991184111,0.11026840577859776
2017-06-15,13.87,13.87,13.75,13.71,14421.9,-0.1,-0.72,13.774,13.763,13.695,8829.2,12472.4,15774.57,0.54,,,1.0,1.0,,-0.22075779191042244,-0.3225222776768134,0.10176448576639097
2017-06-16,13.82,13.82,13.69,13.63,7930.0,-0.06,-0.44,13.756,13.804,13.672,8655.92,11641.32,15655.37,0.29,,,1.0,1.0,,-0.20975847122459967,-0.29996951638637065,0.09021104516177098
2017-06-19,13.6,13.78,13.75,13.45,19827.55,0.06,0.44,13.766,13.8,13.654,11496.69,11434.65,15967.24,0.74,,,1.0,1.0,,-0.19396403511776228,-0.27876842013264896,0.08480438501488669
2017-06-20,14.3,14.68,14.55,14.3,88895.7,0.8,5.82,13.918,13.876,13.675,27829.63,18808.29,19952.63,3.3,,,1.0,1.0,,-0.11556139674211785,-0.24612701545454274,0.1305656187124249
2017-06-21,14.35,14.44,14.26,14.1,44679.23,-0.29,-1.99,14.0,13.908,13.696,35150.88,21641.21,21357.74,1.66,,,1.0,1.0,,-0.07595179235388194,-0.2120919708344106,0.13614017848052865
2017-06-22,14.23,14.38,14.0,13.98,21203.0,-0.26,-1.82,14.05,13.912,13.715,36507.1,22668.15,20930.62,0.79,,,1.0,1.0,,-0.06479381977217002,-0.18263234062196249,0.11783852084979246
2017-06-23,14.01,14.07,14.03,13.81,11960.79,0.03,0.21,14.118,13.937,13.747,37313.25,22984.59,20642.57,0.44,,,1.0,1.0,,-0.052920264960036434,-0.15668992548957728,0.10376966052954084
2017-06-26,14.1,14.13,13.93,13.91,19021.48,-0.1,-0.71,14.154,13.96,13.771,37152.04,24324.37,19230.67,0.71,,,1.0,1.0,,-0.05099175033560144,-0.1355502904587821,0.08455854012318068
2017-06-27,13.94,14.07,14.02,13.9,13104.19,0.09,0.65,14.048,13.983,13.808,21993.74,24911.68,19238.99,0.49,,,1.0,1.0,,-0.041720216081861494,-0.11678427558339799,0.0750640595015365
2017-06-28,14.02,14.02,13.83,13.77,12951.32,-0.19,-1.35,13.962,13.981,13.835,15648.16,25399.52,18783.31,0.48,,,1.0,1.0,,-0.04913744461717329,-0.10325490939015305,0.05411746477297977
2017-06-29,13.91,13.92,13.77,13.73,17671.0,-0.06,-0.43,13.916,13.983,13.873,14941.76,25724.43,19098.41,0.66,,,1.0,1.0,,-0.059175017462592905,-0.09443893100464103,0.03526391354204812
2017-06-30,13.77,13.88,13.86,13.62,15085.7,0.09,0.65,13.882,14.0,13.902,15566.74,26440.0,19040.66,0.56,,,1.0,1.0,,-0.059185366359002956,-0.08738821807551342,0.028202851716510463
2017-07-03,13.82,13.97,13.95,13.77,13964.55,0.09,0.65,13.886,14.02,13.91,14555.35,25853.7,18644.17,0.52,,,1.0,1.0,,-0.05133951017973537,-0.08017847649635781,0.028838966316622444
2017-07-04,13.95,13.95,13.72,13.69,15199.0,-0.23,-1.65,13.826,13.937,13.907,14974.31,18484.03,18646.16,0.56,,,1.0,1.0,,-0.0629549845671491,-0.07673377811051607,0.013778793543366974
2017-07-05,13.69,13.73,13.71,13.63,15897.11,-0.01,-0.07,13.802,13.882,13.895,15563.47,15605.81,18623.51,0.59,,-1.0,1.0,2.0,,-0.07213571253942774,-0.07581416499629841,0.003678452456870665
2017-07-06,13.71,13.74,13.67,13.6,12876.6,-0.04,-0.29,13.782,13.849,13.881,14604.59,14773.17,18720.66,0.48,,-1.0,-1.0,0.0,,-0.0816974143691116,-0.07699081487086104,-0.004706599498250558
2017-07-07,13.65,13.8,13.75,13.65,14505.0,0.08,0.58,13.76,13.821,13.879,14488.45,15027.6,19006.09,0.54,,-1.0,-1.0,0.0,,-0.08187598515454475,-0.07796784892759778,-0.003908136226946968
2017-07-10,13.76,13.81,13.51,13.49,16742.0,-0.24,-1.75,13.672,13.779,13.87,15043.94,14799.65,19562.01,0.62,,-1.0,-1.0,0.0,,-0.100228130525986,-0.08241990524727542,-0.01780822527871058
2017-07-11,13.5,13.57,13.27,13.22,12895.66,-0.24,-1.78,13.582,13.704,13.844,14583.27,14778.79,19845.24,0.48,,-1.0,-1.0,0.0,,-0.13260969022696045,-0.09245786224321242,-0.04015182798374803
2017-07-12,13.37,13.37,13.18,12.9,19365.8,-0.09,-0.68,13.476,13.639,13.81,15277.01,15420.24,20409.88,0.72,,,-1.0,-1.0,,-0.16364812372228954,-0.10669591453902785,-0.05695220918326169
2017-07-13,13.0,13.34,13.32,13.0,10061.05,0.14,1.06,13.406,13.594,13.789,14713.9,14659.25,20191.84,0.37,,,-1.0,-1.0,,-0.1749329576719365,-0.12034332316560958,-0.05458963450632692
2017-07-14,13.35,13.36,13.24,13.17,6816.7,-0.08,-0.6,13.304,13.532,13.766,13176.24,13832.35,20136.17,0.25,,,-1.0,-1.0,,-0.1881625801946285,-0.13390717457141338,-0.054255405623215125
2017-07-17,13.25,13.36,12.56,12.01,23024.63,-0.68,-5.14,13.114,13.393,13.707,14432.77,14738.36,20296.03,0.86,,,-1.0,-1.0,,-0.2506283804024978,-0.15725141573763027,-0.09337696466486753
2017-07-18,12.45,12.7,12.56,12.38,12638.57,0.0,0.0,12.972,13.277,13.607,14381.35,14482.31,16483.17,0.47,,,-1.0,-1.0,,-0.2967126582815691,-0.18514366424641804,-0.11156899403515108
2017-07-19,12.6,12.67,12.61,12.42,10811.8,0.06,0.48,12.858,13.167,13.525,12670.55,13973.78,14789.8,0.4,,,-1.0,-1.0,,-0.3254486291750691,-0.21320465723214826,-0.11224397194292085
2017-07-20,12.66,12.76,12.74,12.49,17614.3,0.13,1.03,12.742,13.074,13.462,14181.2,14447.55,14610.36,0.65,,,-1.0,-1.0,,-0.33388337982752603,-0.2373404017512238,-0.09654297807630222
2017-07-21,12.67,12.75,12.65,12.55,8726.4,-0.09,-0.71,12.624,12.964,13.393,14563.14,13869.69,14448.64,0.32,,,-1.0,-1.0,,-0.3438663510814166,-0.25864559161726236,-0.08522075946415425
2017-07-24,12.65,12.79,12.64,12.57,12363.93,-0.01,-0.08,12.64,12.877,13.328,12431.0,13431.88,14115.77,0.46,,,-1.0,-1.0,,-0.34856678324806545,-0.276629829943423,-0.07193695330464245
