,date,open,close,high,low
0,2015-02-26,10.602,12.718,12.718,10.602
1,2015-02-27,13.988,13.988,13.988,13.988
2,2015-03-02,15.383,15.383,15.383,15.383
3,2015-03-03,16.922,16.922,16.922,16.922
4,2015-03-04,18.615,18.615,18.615,18.615
5,2015-03-05,20.482,20.482,20.482,20.482
6,2015-03-06,22.531,22.531,22.531,22.531
7,2015-03-09,22.511,21.607,22.511,20.405
8,2015-03-10,21.261,20.751,21.482,20.443
9,2015-03-11,20.712,20.077,21.04,19.991
10,2015-03-12,20.203,20.568,21.261,19.77
11,2015-03-13,20.53,20.183,20.982,20.02
12,2015-03-16,20.308,22.204,22.204,20.058
13,2015-03-17,22.425,22.54,22.781,21.771
14,2015-03-18,22.511,22.473,22.858,22.021
15,2015-03-19,22.483,23.146,23.531,22.155
16,2015-03-20,23.089,24.06,25.301,22.713
17,2015-03-23,24.08,24.08,24.455,23.589
18,2015-03-24,23.954,23.137,23.964,22.415
19,2015-03-25,23.069,22.992,23.618,22.771
20,2015-03-26,22.752,23.647,25.003,22.617
21,2015-03-27,23.425,23.271,23.704,22.992
22,2015-03-30,23.108,23.473,23.829,22.848
23,2015-03-31,23.55,24.214,24.695,23.541
24,2015-04-01,24.397,25.359,25.388,23.954
25,2015-04-02,25.474,25.33,25.696,24.859
26,2015-04-03,25.061,27.745,27.86,25.042
27,2015-04-07,28.765,28.447,29.823,27.562
28,2015-04-08,28.38,31.295,31.295,27.706
29,2015-04-09,33.652,32.747,34.421,32.228
30,2015-04-10,32.228,33.373,33.892,31.92
31,2015-04-13,33.19,32.314,33.19,31.651
32,2015-04-14,31.747,31.564,32.016,30.592
33,2015-04-15,31.458,30.111,31.997,30.006
34,2015-04-16,29.169,30.073,30.467,28.87
35,2015-04-17,30.4,30.304,31.641,29.852
36,2015-04-20,30.304,28.38,30.304,28.226
37,2015-04-21,28.38,31.218,31.218,28.284
38,2015-04-22,31.987,32.526,33.142,30.458
39,2015-04-23,32.228,31.853,33.171,31.458
40,2015-04-24,30.92,30.564,31.468,30.169
41,2015-04-27,30.977,30.717,31.458,30.304
42,2015-04-28,30.717,30.487,31.362,30.063
43,2015-04-29,30.111,30.708,31.073,30.044
44,2015-04-30,30.794,30.285,31.439,30.256
45,2015-05-04,30.111,29.698,30.111,29.005
46,2015-05-05,29.63,28.899,30.506,28.572
47,2015-05-06,29.101,28.938,29.986,28.428
48,2015-05-07,28.765,29.101,29.505,28.476
49,2015-05-08,29.65,29.342,29.784,28.486
50,2015-05-11,29.592,30.602,30.669,29.342
51,2015-05-12,30.756,31.516,32.42,30.169
52,2015-05-13,31.073,30.669,31.997,30.313
53,2015-05-14,30.881,30.467,31.054,30.111
54,2015-05-15,30.034,29.265,30.285,28.957
55,2015-05-18,28.813,29.515,30.102,28.553
56,2015-05-19,29.438,32.468,32.468,29.265
57,2015-05-20,32.757,31.651,32.892,31.506
58,2015-05-21,31.314,32.459,32.997,31.295
59,2015-05-22,32.997,35.701,35.701,32.382
60,2015-05-25,36.518,37.134,39.27,36.461
61,2015-05-26,36.749,38.471,38.481,35.97
62,2015-05-27,38.202,38.212,39.376,37.49
63,2015-05-28,37.952,36.374,41.155,34.835
64,2015-05-29,37.086,38.491,39.616,35.287
65,2015-06-01,37.885,40.828,42.233,37.663
66,2015-06-02,39.828,40.059,40.819,38.77
67,2015-06-03,39.741,38.693,40.694,38.337
68,2015-06-04,38.269,38.731,39.924,35.124
69,2015-06-10,38.414,38.452,40.694,37.519
70,2015-06-11,37.875,36.971,37.99,36.701
71,2015-06-12,36.942,37.192,38.289,36.874
72,2015-06-15,37.817,36.249,38.183,36.095
73,2015-06-16,35.595,35.181,36.971,34.441
74,2015-06-17,35.337,35.192,35.733,33.82
75,2015-06-18,35.066,33.317,35.105,33.008
76,2015-06-19,32.477,31.665,33.994,31.549
77,2015-06-23,32.254,32.834,32.853,29.761
78,2015-06-24,33.143,34.139,34.477,32.496
79,2015-06-25,34.09,31.897,34.37,31.23
80,2015-06-26,30.728,28.708,32.66,28.708
81,2015-06-29,29.839,26.495,29.955,25.838
82,2015-06-30,26.515,28.901,28.988,24.592
83,2015-07-01,28.602,26.234,29.423,26.089
84,2015-07-02,27.056,25.577,27.829,24.399
85,2015-07-03,24.737,23.249,26.215,23.017
86,2015-07-06,25.577,24.476,25.577,23.046
87,2015-07-07,23.191,22.031,24.147,22.031
88,2015-07-08,19.828,19.828,19.828,19.828
89,2015-07-09,17.847,21.809,21.809,17.847
90,2015-07-10,21.529,23.993,23.993,20.988
91,2015-07-13,23.674,25.278,26.041,23.365
92,2015-07-14,24.186,23.712,25.201,23.268
93,2015-07-15,23.191,21.355,23.915,21.345
94,2015-07-16,20.582,21.413,22.369,19.983
95,2015-07-17,21.587,22.698,23.084,21.558
96,2015-07-20,22.804,22.34,23.365,22.137
97,2015-07-21,22.021,23.239,23.674,21.799
98,2015-07-22,22.997,22.959,23.481,22.418
99,2015-07-23,23.094,24.621,24.949,23.094
100,2015-07-24,24.727,23.529,24.737,23.413
101,2015-07-27,22.717,21.181,23.123,21.181
102,2015-07-28,19.818,22.099,23.084,19.065
103,2015-07-29,21.838,22.166,22.205,20.466
104,2015-07-30,21.819,21.036,22.514,20.852
105,2015-07-31,20.582,20.794,21.519,20.359
106,2015-08-03,20.485,20.437,20.746,19.625
107,2015-08-04,20.292,21.316,21.393,20.244
108,2015-08-05,21.248,20.688,21.345,20.678
109,2015-08-06,20.273,20.176,20.669,20.002
110,2015-08-07,20.446,20.891,21.258,20.35
111,2015-08-10,21.306,22.978,22.978,20.968
112,2015-08-11,23.268,23.442,24.254,23.094
113,2015-08-12,23.026,23.558,24.399,22.92
114,2015-08-13,23.191,24.302,24.35,23.026
115,2015-08-14,24.737,25.114,25.548,24.534
116,2015-08-17,24.814,24.341,25.065,23.751
117,2015-08-18,24.389,22.079,25.964,21.906
118,2015-08-19,21.364,22.572,22.775,20.292
119,2015-08-20,22.031,21.2,22.369,21.142
120,2015-08-21,20.678,20.079,21.355,19.741
121,2015-08-24,19.055,18.069,19.316,18.069
122,2015-08-25,16.262,16.262,17.18,16.262
123,2015-08-26,16.349,14.929,17.2,14.784
124,2015-08-27,15.47,16.32,16.369,14.774
125,2015-08-28,16.311,17.364,17.567,16.147
126,2015-08-31,17.306,16.253,17.306,15.944
127,2015-09-01,16.137,15.538,16.775,14.629
128,2015-09-02,14.494,14.398,15.857,14.214
129,2015-09-07,14.832,14.832,15.596,14.62
130,2015-09-08,14.784,15.634,15.828,14.591
131,2015-09-09,15.741,16.91,17.2,15.586
132,2015-09-10,16.311,16.243,16.678,16.098
133,2015-09-11,16.224,16.369,16.697,16.069
134,2015-09-14,16.369,14.736,16.407,14.736
135,2015-09-15,14.301,13.654,14.968,13.383
136,2015-09-16,13.74,15.016,15.016,13.48
137,2015-09-17,14.813,14.398,15.364,14.349
138,2015-09-18,14.581,14.514,14.755,14.224
139,2015-09-21,14.282,15.2,15.335,14.04
140,2015-09-22,15.161,15.828,16.581,15.074
141,2015-09-23,15.402,15.19,15.605,15.113
142,2015-09-24,15.402,15.499,15.605,15.238
143,2015-09-25,15.277,14.6,15.451,14.436
144,2015-09-28,14.62,14.977,15.016,14.195
145,2015-09-29,14.591,14.997,15.615,14.407
146,2015-09-30,14.9,15.18,15.605,14.842
147,2015-10-08,16.069,15.75,16.33,15.731
148,2015-10-09,15.654,16.378,16.668,15.605
149,2015-10-12,16.32,17.374,17.857,16.253
150,2015-10-13,17.007,17.19,17.441,16.929
151,2015-10-14,17.064,16.92,17.606,16.881
152,2015-10-15,16.784,17.509,17.538,16.784
153,2015-10-16,17.731,18.089,18.475,17.712
154,2015-10-19,18.272,18.504,19.306,18.272
155,2015-10-20,18.35,18.736,18.891,18.089
156,2015-10-21,18.688,17.122,19.036,16.871
157,2015-10-22,17.161,17.393,17.548,16.475
158,2015-10-23,17.499,18.06,18.311,17.045
159,2015-10-26,18.649,18.369,19.19,18.069
160,2015-10-27,18.069,18.05,18.234,17.103
161,2015-10-28,17.963,17.287,18.147,17.2
162,2015-10-29,17.441,17.296,17.664,17.103
163,2015-10-30,17.306,17.992,18.582,16.92
164,2015-11-02,17.412,17.364,18.301,17.296
165,2015-11-03,17.364,17.432,17.702,17.19
166,2015-11-04,17.644,19.171,19.171,17.596
167,2015-11-05,21.084,21.084,21.084,21.084
168,2015-11-06,22.766,23.191,23.191,22.592
169,2015-11-09,25.51,25.51,25.51,25.51
170,2015-11-10,26.669,28.061,28.061,26.524
171,2015-11-18,28.988,27.433,29.945,26.64
172,2015-11-19,27.452,28.225,28.36,26.65
173,2015-11-20,27.887,27.181,27.974,26.679
174,2015-11-23,27.162,26.65,27.964,25.906
175,2015-11-24,26.495,26.708,27.423,26.312
176,2015-11-25,26.186,27.191,27.336,26.003
177,2015-11-26,27.597,26.07,27.945,26.012
178,2015-11-27,25.268,23.461,25.461,23.461
179,2015-11-30,23.297,24.737,25.548,22.988
180,2015-12-01,23.964,23.915,24.321,23.307
181,2015-12-02,23.77,25.838,26.312,23.654
182,2015-12-03,25.181,25.49,26.273,24.862
183,2015-12-04,25.075,25.075,25.597,24.553
184,2015-12-07,24.93,24.553,25.22,24.263
185,2015-12-08,24.35,23.722,25.017,23.683
186,2015-12-09,23.394,23.645,24.138,23.336
187,2015-12-10,23.954,24.843,26.012,23.954
188,2015-12-11,24.157,26.582,27.326,23.683
189,2015-12-14,26.08,29.24,29.24,25.964
190,2015-12-15,31.095,30.206,32.042,29.868
191,2015-12-16,30.921,31.22,31.858,29.964
192,2015-12-17,31.385,32.071,33.8,30.534
193,2015-12-18,31.51,30.989,32.206,30.708
194,2015-12-21,30.805,30.786,32.254,30.737
195,2015-12-22,30.515,30.989,31.259,29.955
196,2015-12-23,30.834,31.018,32.805,30.554
197,2015-12-24,30.341,28.727,30.476,28.409
198,2015-12-25,28.747,28.969,29.327,28.602
199,2015-12-28,29.191,27.925,29.462,27.848
200,2015-12-29,28.119,29.085,29.278,27.974
201,2015-12-30,29.133,29.423,29.761,28.515
202,2015-12-31,29.22,28.959,29.916,28.882
203,2016-01-04,28.505,26.061,28.65,26.061
204,2016-01-05,24.186,25.993,26.737,24.186
205,2016-01-06,25.809,26.379,26.834,25.133
206,2016-01-07,25.51,23.741,25.771,23.741
207,2016-01-08,24.592,25.858,26.118,22.447
208,2016-01-11,24.157,24.737,26.089,23.78
209,2016-01-12,25.606,26.128,26.863,25.23
210,2016-01-13,26.041,26.032,27.375,25.316
211,2016-01-14,24.708,27.133,27.317,24.485
212,2016-01-15,26.64,26.061,27.201,25.413
213,2016-01-18,25.413,25.645,26.35,25.21
214,2016-01-19,25.703,26.843,27.433,25.461
215,2016-01-20,26.457,26.147,26.756,25.974
216,2016-01-21,25.548,23.529,26.524,23.529
217,2016-01-22,24.022,23.606,24.128,22.524
218,2016-01-25,23.674,23.452,23.944,23.104
219,2016-01-26,23.084,21.616,23.761,21.152
220,2016-01-27,21.49,20.736,21.809,19.596
221,2016-01-28,20.369,20.514,21.645,20.292
222,2016-01-29,20.34,21.819,22.418,20.34
223,2016-02-01,21.451,20.698,21.587,20.311
224,2016-02-02,20.582,21.19,21.442,20.572
225,2016-02-03,20.698,20.852,21.026,20.34
226,2016-02-04,21.181,21.268,21.548,21.007
227,2016-02-05,21.123,20.417,21.335,20.398
228,2016-02-15,19.306,19.741,19.886,19.297
229,2016-02-16,20.07,21.712,21.712,20.07
230,2016-02-17,21.693,22.012,22.108,21.277
231,2016-02-18,22.079,21.625,22.997,21.5
232,2016-02-19,21.596,22.012,22.166,21.509
233,2016-02-22,22.495,23.142,23.857,21.925
234,2016-02-23,22.717,22.408,22.891,22.031
235,2016-02-24,22.186,22.543,22.939,21.741
236,2016-02-25,22.514,20.302,22.514,20.292
237,2016-02-26,20.582,20.07,20.775,19.335
238,2016-02-29,19.818,18.63,19.818,18.06
239,2016-03-01,18.688,19.48,20.369,17.789
240,2016-03-02,19.171,20.388,20.852,18.968
241,2016-03-03,20.099,20.147,20.794,19.983
242,2016-03-04,20.002,19.442,20.273,18.997
243,2016-03-07,19.799,19.992,20.775,19.519
244,2016-03-08,19.528,19.78,19.809,18.659
245,2016-03-09,19.219,19.828,20.292,18.987
246,2016-03-10,19.635,19.065,20.002,19.036
247,2016-03-11,18.842,19.983,20.572,18.649
248,2016-03-14,20.273,20.669,21.384,19.838
249,2016-03-15,20.63,20.273,20.63,19.944
250,2016-03-16,20.359,19.905,20.582,19.838
251,2016-03-17,20.099,21.21,21.741,20.07
252,2016-03-18,21.248,22.698,23.191,20.968
253,2016-03-21,24.138,24.969,24.969,23.751
254,2016-03-22,25.529,25.297,26.466,24.737
255,2016-03-23,24.543,26.93,27.78,24.466
256,2016-03-24,25.423,25.056,26.805,25.017
257,2016-03-25,24.65,24.911,25.316,24.254
258,2016-03-28,25.114,24.138,25.326,23.964
259,2016-03-29,24.254,24.379,25.143,24.138
260,2016-03-30,25.017,25.838,26.07,25.007
261,2016-03-31,25.916,26.08,27.201,25.442
262,2016-04-01,25.983,25.259,25.993,24.93
263,2016-04-05,25.345,26.273,26.863,25.345
264,2016-04-06,26.089,25.887,26.186,25.51
265,2016-04-07,26.099,24.969,26.312,24.804
266,2016-04-08,24.524,24.205,24.572,23.577
267,2016-04-11,25.993,25.413,26.631,25.345
268,2016-04-12,24.669,25.027,25.114,24.428
269,2016-04-13,25.316,25.877,27.056,25.316
270,2016-04-14,25.974,26.408,26.553,25.519
271,2016-04-15,26.437,26.07,26.457,25.761
272,2016-04-18,25.606,25.114,25.606,24.833
273,2016-04-19,25.355,25.307,25.432,24.64
274,2016-04-20,25.278,24.35,25.278,23.191
275,2016-04-21,23.867,23.452,24.341,23.394
276,2016-04-22,23.171,23.896,23.964,23.007
277,2016-04-25,23.481,23.268,23.674,22.949
278,2016-04-26,23.384,23.732,24.002,23.326
279,2016-04-27,23.741,23.287,23.761,23.2
280,2016-04-28,23.336,23.732,23.838,23.094
281,2016-04-29,23.519,23.442,23.635,23.239
282,2016-05-03,23.442,24.341,24.64,23.336
283,2016-05-04,24.147,24.07,24.428,23.915
284,2016-05-05,23.935,24.147,24.205,23.886
285,2016-05-06,24.186,22.756,24.312,22.698
286,2016-05-09,22.311,21.529,22.379,21.335
287,2016-05-10,21.509,21.664,21.886,21.364
288,2016-05-11,21.877,21.335,21.935,21.258
289,2016-05-12,21.017,21.451,21.596,20.678
290,2016-05-13,21.326,21.133,21.538,20.901
291,2016-05-16,20.988,21.326,21.355,20.823
292,2016-05-17,21.442,21.364,21.896,21.017
293,2016-05-18,21.065,21.161,21.741,20.804
294,2016-05-19,21.113,21.133,21.529,21.007
295,2016-05-20,20.968,21.432,21.442,20.823
296,2016-05-23,21.674,21.857,22.321,21.674
297,2016-05-24,21.664,21.229,21.77,21.094
298,2016-05-25,21.5,21.335,21.983,21.268
299,2016-05-26,21.306,21.403,21.49,20.785
300,2016-05-27,21.355,21.248,21.596,21.094
301,2016-05-30,21.065,21.306,21.529,20.872
302,2016-05-31,21.355,23.442,23.442,21.355
303,2016-06-01,23.838,23.046,24.022,23.017
304,2016-06-02,22.901,23.239,23.345,22.843
305,2016-06-03,23.191,23.258,23.857,22.862
306,2016-06-06,23.142,23.055,23.519,22.978
307,2016-06-07,23.055,23.287,23.384,23.046
308,2016-06-08,23.191,23.026,23.297,22.794
309,2016-06-13,22.514,21.461,23.113,21.355
310,2016-06-14,21.403,21.828,22.002,21.326
311,2016-06-15,21.384,22.273,22.785,21.258
312,2016-06-16,22.215,21.925,22.35,21.799
313,2016-06-17,22.118,22.031,22.592,21.848
314,2016-06-20,21.886,22.147,22.224,21.886
315,2016-06-21,22.563,22.331,23.828,22.186
316,2016-06-22,22.128,22.843,22.939,22.021
317,2016-06-23,22.746,22.563,22.775,22.147
318,2016-06-24,22.514,22.292,22.949,21.5
319,2016-06-27,22.099,22.727,22.852,22.031
320,2016-06-28,22.707,23.537,23.986,22.502
321,2016-06-29,23.674,23.791,24.113,23.537
322,2016-06-30,23.732,23.869,24.113,23.537
323,2016-07-01,23.908,23.507,24.015,23.341
324,2016-07-04,23.234,24.191,24.543,23.127
325,2016-07-05,23.976,23.967,24.338,23.771
326,2016-07-06,23.908,23.957,24.103,23.644
327,2016-07-07,23.849,23.732,24.103,23.302
328,2016-07-08,23.732,23.791,24.064,23.576
329,2016-07-11,23.722,23.547,24.259,23.517
330,2016-07-12,23.468,24.367,24.592,23.439
331,2016-07-13,24.455,24.484,25.412,24.299
332,2016-07-14,24.269,24.377,24.494,24.064
333,2016-07-15,24.396,24.025,24.474,23.908
334,2016-07-18,23.683,23.478,23.82,23.341
335,2016-07-19,23.439,23.644,23.781,23.302
336,2016-07-20,23.752,23.478,23.752,23.468
337,2016-07-21,23.556,23.615,23.898,23.468
338,2016-07-22,23.547,23.4,23.664,23.381
339,2016-07-25,23.4,23.4,23.586,23.254
340,2016-07-26,23.449,23.674,23.771,23.449
341,2016-07-27,23.654,22.648,23.732,21.974
342,2016-07-28,22.56,22.091,22.56,21.877
343,2016-07-29,22.101,21.72,22.228,21.584
344,2016-08-01,21.652,21.349,21.798,21.144
345,2016-08-02,21.437,21.584,21.593,21.31
346,2016-08-03,21.486,21.486,21.584,21.349
347,2016-08-04,21.457,21.642,21.662,21.291
348,2016-08-05,21.632,21.623,21.974,21.437
349,2016-08-08,21.457,21.691,21.71,21.261
350,2016-08-09,21.662,21.964,22.003,21.593
351,2016-08-10,21.955,21.789,22.13,21.71
352,2016-08-11,21.779,21.759,22.17,21.74
353,2016-08-12,21.584,22.072,22.091,21.408
354,2016-08-15,22.218,23.175,23.927,22.013
355,2016-08-16,23.039,22.912,23.224,22.863
356,2016-08-17,23.039,22.804,23.332,22.668
357,2016-08-18,22.755,22.736,23.039,22.648
358,2016-08-19,22.716,22.707,22.834,22.531
359,2016-08-22,22.755,22.375,22.765,22.306
360,2016-08-23,22.365,22.384,22.57,22.179
361,2016-08-24,22.384,22.257,22.492,22.189
362,2016-08-25,22.267,22.326,22.531,22.091
363,2016-08-26,22.423,22.248,22.531,22.218
364,2016-08-29,22.267,22.257,22.316,22.121
365,2016-08-30,22.277,22.316,22.502,22.218
366,2016-08-31,22.355,22.56,22.687,22.277
367,2016-09-01,22.55,22.287,22.638,22.257
368,2016-09-02,22.189,22.355,22.609,22.17
369,2016-09-05,22.414,22.306,22.58,22.228
370,2016-09-06,22.326,22.472,22.609,22.003
371,2016-09-07,22.462,22.306,22.521,22.267
372,2016-09-08,22.287,22.218,22.336,22.121
373,2016-09-09,22.189,22.033,22.296,22.023
374,2016-09-12,21.486,21.544,21.603,21.271
375,2016-09-13,21.574,21.574,21.623,21.31
376,2016-09-14,21.369,21.251,21.427,21.183
377,2016-09-19,21.251,21.32,21.359,21.251
378,2016-09-20,21.349,21.232,21.359,21.193
379,2016-09-21,21.242,21.427,21.564,21.232
380,2016-09-22,21.593,21.388,21.652,21.369
381,2016-09-23,21.457,21.271,21.476,21.203
382,2016-09-26,21.251,21.134,21.291,20.958
383,2016-09-27,21.134,21.369,21.418,21.134
384,2016-09-28,21.32,21.291,21.388,21.193
385,2016-09-29,21.31,21.369,21.642,21.242
386,2016-09-30,21.291,21.447,21.476,21.291
387,2016-10-10,21.584,21.71,21.779,21.457
388,2016-10-11,21.877,22.15,22.316,21.877
389,2016-10-12,22.17,21.896,22.238,21.847
390,2016-10-13,21.877,22.453,22.912,21.877
391,2016-10-14,22.257,22.521,22.814,22.15
392,2016-10-17,22.746,22.101,23.0,22.062
393,2016-10-18,21.945,22.922,23.097,21.935
394,2016-10-19,22.902,22.804,23.029,22.677
395,2016-10-20,22.824,22.638,22.892,22.619
396,2016-10-21,22.638,22.863,23.341,22.589
397,2016-10-24,22.814,23.283,23.937,22.609
398,2016-10-25,23.127,22.98,23.224,22.834
399,2016-10-26,22.97,22.765,23.224,22.755
400,2016-10-27,22.726,22.677,22.912,22.541
401,2016-10-28,22.853,22.746,23.517,22.716
402,2016-10-31,22.55,22.638,22.746,22.336
403,2016-11-01,22.638,22.589,22.775,22.277
404,2016-11-02,22.462,22.355,22.892,22.336
405,2016-11-03,22.267,22.834,23.244,22.218
406,2016-11-04,22.765,22.765,23.097,22.589
407,2016-11-07,22.882,22.98,23.048,22.697
408,2016-11-08,23.146,22.804,23.293,22.677
409,2016-11-09,22.707,22.492,22.863,22.306
410,2016-11-10,22.736,23.048,23.322,22.629
411,2016-11-11,23.195,23.8,24.006,22.951
412,2016-11-14,23.537,23.82,24.396,23.449
413,2016-11-15,23.732,23.537,23.732,23.322
414,2016-11-16,23.586,23.713,23.781,23.4
415,2016-11-17,23.547,23.527,23.703,23.244
416,2016-11-18,23.341,22.961,23.39,22.873
417,2016-11-21,22.834,22.892,23.215,22.755
418,2016-11-22,22.951,23.127,23.302,22.922
419,2016-11-23,23.156,23.029,23.283,22.922
420,2016-11-24,23.0,22.746,23.429,22.472
421,2016-11-25,22.638,22.804,22.834,22.375
422,2016-11-28,23.146,22.658,23.146,22.609
423,2016-11-29,22.492,22.638,22.834,22.394
424,2016-11-30,22.462,22.56,22.853,22.423
425,2016-12-01,22.619,22.707,22.843,22.443
426,2016-12-02,22.726,22.443,22.726,22.189
427,2016-12-05,22.179,21.535,22.179,21.496
428,2016-12-06,21.632,21.378,21.71,21.349
429,2016-12-07,21.437,21.525,21.574,21.339
430,2016-12-08,21.525,21.378,21.574,21.359
431,2016-12-09,21.32,21.544,21.554,21.31
432,2016-12-12,21.525,20.675,21.544,20.499
433,2016-12-13,20.656,20.597,20.734,20.421
434,2016-12-14,20.607,19.845,20.607,19.796
435,2016-12-15,19.562,19.953,20.011,19.542
436,2016-12-16,19.796,19.728,19.962,19.669
437,2016-12-19,19.699,19.494,19.747,19.415
438,2016-12-20,19.503,19.669,19.689,19.406
439,2016-12-21,19.689,19.777,19.943,19.689
440,2016-12-22,19.738,19.572,19.757,19.513
441,2016-12-23,19.533,19.269,19.611,19.181
442,2016-12-26,19.259,19.581,19.679,18.849
443,2016-12-27,19.572,19.376,19.63,19.337
444,2016-12-28,19.415,19.386,19.484,19.337
445,2016-12-29,19.386,19.581,20.011,19.259
446,2016-12-30,19.533,19.591,19.63,19.386
447,2017-01-03,19.581,19.747,19.806,19.562
448,2017-01-04,19.728,19.767,19.796,19.621
449,2017-01-05,19.757,19.621,19.757,19.591
450,2017-01-06,19.601,19.22,19.611,19.191
451,2017-01-09,19.22,19.24,19.347,19.132
452,2017-01-10,19.24,19.074,19.308,19.044
453,2017-01-11,19.083,19.015,19.23,18.986
454,2017-01-12,19.015,18.839,19.142,18.829
455,2017-01-13,18.849,18.869,18.947,18.576
456,2017-01-16,18.829,19.025,19.064,18.156
457,2017-01-17,18.849,18.693,18.859,18.488
458,2017-01-18,18.702,18.546,18.81,18.517
459,2017-01-19,18.546,18.556,18.722,18.458
460,2017-01-20,18.546,18.693,18.8,18.507
461,2017-01-23,18.673,18.732,18.849,18.654
462,2017-01-24,18.732,18.624,18.742,18.615
463,2017-01-25,18.615,18.615,18.693,18.585
464,2017-01-26,18.654,18.732,18.82,18.634
465,2017-02-03,18.751,18.693,18.781,18.673
466,2017-02-06,18.712,18.751,18.761,18.624
467,2017-02-07,18.761,18.527,18.761,18.419
468,2017-02-08,18.536,18.995,19.122,18.283
469,2017-02-09,18.947,18.976,19.093,18.878
470,2017-02-10,18.966,18.937,19.161,18.829
471,2017-02-13,18.976,19.093,19.259,18.927
472,2017-02-14,19.152,19.093,19.288,19.074
473,2017-02-15,19.054,18.82,19.22,18.81
474,2017-02-16,18.82,19.122,19.191,18.771
475,2017-02-17,19.201,19.22,20.001,19.152
476,2017-02-20,19.093,19.308,19.328,18.878
477,2017-02-21,19.318,19.337,19.64,19.22
478,2017-02-22,19.249,19.328,19.347,19.152
479,2017-02-23,19.337,19.113,19.367,19.035
480,2017-02-24,19.054,19.132,19.22,19.015
481,2017-02-27,19.122,18.917,19.132,18.898
482,2017-02-28,18.917,19.005,19.074,18.898
483,2017-03-01,18.995,19.083,19.142,18.947
484,2017-03-02,19.142,19.054,19.484,19.025
485,2017-03-03,18.995,18.888,18.995,18.751
486,2017-03-06,18.878,18.976,19.025,18.79
487,2017-03-07,19.044,19.054,19.083,18.947
488,2017-03-08,19.054,18.917,19.074,18.878
489,2017-03-09,18.917,18.888,18.986,18.683
490,2017-03-10,18.839,18.693,18.888,18.683
491,2017-03-13,18.654,18.732,18.771,18.458
492,2017-03-14,18.751,18.654,18.8,18.624
493,2017-03-15,18.634,18.732,18.761,18.624
494,2017-03-16,18.771,19.572,19.611,18.771
495,2017-03-17,19.669,19.152,19.699,19.054
496,2017-03-20,19.103,18.986,19.103,18.771
497,2017-03-21,18.937,18.761,18.937,18.712
498,2017-03-22,18.693,18.595,18.732,18.585
499,2017-03-23,18.673,18.654,18.82,18.478
500,2017-03-24,18.654,18.869,18.986,18.556
501,2017-03-27,18.869,18.683,18.966,18.644
502,2017-03-28,18.702,18.556,18.712,18.527
503,2017-03-29,18.595,18.263,18.634,18.253
504,2017-03-30,18.263,18.243,18.409,18.175
505,2017-03-31,18.243,17.96,18.312,17.784
506,2017-04-05,17.95,18.283,18.361,17.902
507,2017-04-06,18.263,18.175,18.312,18.146
508,2017-04-07,18.175,18.185,18.312,18.136
509,2017-04-10,18.185,17.609,18.204,17.589
510,2017-04-11,17.599,17.531,17.755,17.208
511,2017-04-12,17.609,17.609,17.824,17.482
512,2017-04-13,17.482,17.433,17.579,17.364
513,2017-04-14,17.413,17.111,17.462,17.032
514,2017-04-17,17.072,16.954,17.15,16.71
515,2017-04-18,16.915,16.681,17.042,16.671
516,2017-04-19,16.632,16.564,16.632,16.241
517,2017-04-20,16.407,16.212,16.573,16.036
518,2017-04-21,16.193,16.32,16.368,16.114
519,2017-04-24,16.222,16.437,16.456,15.919
520,2017-04-25,16.407,16.417,16.486,16.32
521,2017-04-26,16.417,16.417,16.769,16.339
522,2017-04-27,16.359,16.495,16.573,16.095
523,2017-04-28,16.603,16.779,16.818,16.437
524,2017-05-02,16.632,16.808,16.954,16.603
525,2017-05-03,16.808,16.827,16.945,16.72
526,2017-05-04,16.798,16.73,16.798,16.544
527,2017-05-05,16.632,16.769,16.798,16.29
528,2017-05-08,16.603,16.857,16.876,16.29
529,2017-05-09,16.779,16.818,16.993,16.779
530,2017-05-10,16.788,16.779,16.993,16.534
531,2017-05-11,16.583,16.857,16.954,16.339
532,2017-05-12,16.749,16.915,17.218,16.73
533,2017-05-15,16.818,16.837,17.023,16.72
534,2017-05-16,16.808,16.739,16.837,16.505
535,2017-05-17,16.759,16.554,16.945,16.544
536,2017-05-18,16.407,16.339,16.505,16.271
537,2017-05-19,16.339,16.232,16.427,16.193
538,2017-05-22,16.163,15.909,16.212,15.528
539,2017-05-23,15.734,16.066,16.085,15.548
540,2017-05-24,15.792,16.036,16.144,15.753
541,2017-05-25,15.939,16.534,16.681,15.753
542,2017-05-26,16.388,16.407,16.534,16.271
543,2017-05-31,16.456,16.593,16.876,16.456
544,2017-06-01,16.544,16.779,16.818,16.476
545,2017-06-02,16.7,16.808,16.896,16.544
546,2017-06-05,16.749,16.7,16.827,16.671
547,2017-06-06,16.681,16.749,16.769,16.612
548,2017-06-07,16.691,16.866,16.954,16.691
549,2017-06-08,16.847,16.779,16.896,16.759
550,2017-06-09,16.769,16.622,16.847,16.612
551,2017-06-12,16.603,16.525,16.642,16.437
552,2017-06-13,16.466,16.515,16.691,16.427
553,2017-06-14,16.505,16.652,16.739,16.486
554,2017-06-15,16.652,16.779,16.847,16.564
555,2017-06-16,16.779,16.759,16.876,16.72
556,2017-06-19,16.798,16.954,17.072,16.759
557,2017-06-20,16.984,16.798,17.052,16.7
558,2017-06-21,17.032,16.818,17.072,16.71
559,2017-06-22,16.769,16.896,17.032,16.632
560,2017-06-23,16.71,16.779,16.876,16.525
561,2017-06-26,16.749,16.915,16.935,16.7
562,2017-06-27,16.896,16.925,16.984,16.837
563,2017-06-28,16.915,16.964,17.042,16.808
564,2017-06-29,16.944,16.855,16.983,16.845
565,2017-06-30,16.845,16.983,17.003,16.766
566,2017-07-03,16.993,16.973,17.023,16.806
567,2017-07-04,16.973,16.993,17.092,16.865
568,2017-07-05,16.963,16.973,17.023,16.895
569,2017-07-06,16.963,16.934,16.983,16.816
570,2017-07-07,16.944,17.495,17.702,16.845
571,2017-07-10,17.436,17.377,17.88,17.348
572,2017-07-11,17.318,17.141,17.505,17.121
573,2017-07-12,17.141,17.042,17.318,16.934
574,2017-07-13,17.042,17.466,17.486,16.983
575,2017-07-14,17.436,17.426,17.614,17.358
576,2017-07-17,17.466,17.22,17.564,16.855
577,2017-07-18,17.072,17.131,17.229,16.954
578,2017-07-19,17.141,18.352,18.402,17.013
579,2017-07-20,18.224,18.086,18.284,17.958
580,2017-07-21,17.968,17.939,18.175,17.83
581,2017-07-24,17.909,17.978,18.146,17.889
582,2017-07-25,18.008,17.712,18.018,17.653
583,2017-07-26,17.732,17.899,17.909,17.555
584,2017-07-27,17.811,18.116,18.205,17.486
585,2017-07-28,18.027,17.87,18.126,17.85
586,2017-07-31,17.87,17.781,18.057,17.712
587,2017-08-01,17.781,17.919,18.215,17.781
588,2017-08-02,17.83,17.909,18.205,17.781
589,2017-08-03,17.801,17.811,17.949,17.683
590,2017-08-04,17.84,17.84,18.116,17.761
591,2017-08-07,17.732,17.771,17.909,17.683
592,2017-08-08,17.83,17.958,17.968,17.604
593,2017-08-09,17.889,17.702,17.889,17.683
594,2017-08-10,17.643,17.811,17.958,17.555
595,2017-08-11,17.702,17.21,17.771,17.19
596,2017-08-14,17.259,17.732,17.821,17.2
597,2017-08-15,17.683,17.535,17.692,17.476
598,2017-08-16,17.535,17.486,17.663,17.446
599,2017-08-17,17.446,17.929,18.027,17.446
600,2017-08-18,17.791,17.781,17.978,17.722
601,2017-08-21,18.077,18.018,18.215,17.899
602,2017-08-22,17.978,18.077,18.343,17.83
603,2017-08-23,18.077,18.362,18.697,17.929
604,2017-08-24,18.205,17.86,18.343,17.85
605,2017-08-25,17.929,18.284,18.372,17.88
606,2017-08-28,18.412,19.288,19.407,18.412
607,2017-08-29,19.091,18.865,19.111,18.747
608,2017-08-30,18.815,18.825,19.269,18.776
609,2017-08-31,18.717,18.875,18.963,18.697
610,2017-09-01,18.894,18.845,19.081,18.737
611,2017-09-04,18.835,18.756,18.835,18.628
612,2017-09-05,18.766,18.668,18.884,18.648
613,2017-09-06,18.628,18.549,18.648,18.412
614,2017-09-07,18.569,18.382,18.707,18.372
615,2017-09-08,18.441,18.441,18.52,18.352
616,2017-09-11,18.49,18.451,18.579,18.343
617,2017-09-12,18.471,18.658,18.875,18.471
618,2017-09-13,18.658,18.569,18.668,18.402
619,2017-09-14,18.54,18.402,18.707,18.382
620,2017-09-15,18.382,18.421,18.589,18.284
621,2017-09-18,18.461,18.589,18.766,18.382
622,2017-09-19,18.648,18.431,18.697,18.382
623,2017-09-20,18.431,18.352,18.49,18.313
624,2017-09-21,18.352,18.086,18.441,18.067
625,2017-09-22,18.086,18.195,18.234,17.958
626,2017-09-25,18.057,18.264,18.313,18.037
627,2017-09-26,18.224,18.165,18.254,18.077
628,2017-09-27,18.146,17.988,18.146,17.978
629,2017-09-28,18.018,17.988,18.057,17.949
630,2017-09-29,17.998,18.116,18.205,17.988
631,2017-10-09,18.303,18.096,18.52,18.086
632,2017-10-10,18.086,17.909,18.116,17.761
633,2017-10-11,17.899,17.801,17.929,17.791
634,2017-10-12,17.811,17.574,17.87,17.564
635,2017-10-13,17.594,17.623,17.722,17.584
636,2017-10-16,17.604,17.476,17.781,17.456
637,2017-10-17,17.525,17.239,17.535,17.22
638,2017-10-18,17.259,17.407,17.446,17.239
639,2017-10-19,17.318,16.885,17.367,16.855
640,2017-10-20,16.766,16.924,16.944,16.766
641,2017-10-23,16.924,16.904,16.993,16.816
642,2017-10-24,16.895,17.131,17.151,16.826
643,2017-10-25,17.111,17.131,17.16,16.993
644,2017-10-26,17.101,17.16,17.318,17.023
645,2017-10-27,17.18,16.904,17.22,16.885
646,2017-10-30,16.934,16.757,17.013,16.372
647,2017-10-31,16.619,16.629,16.747,16.569
648,2017-11-01,16.609,16.481,16.895,16.372
649,2017-11-02,16.471,16.56,16.816,16.432
650,2017-11-03,16.54,16.629,16.668,16.372
651,2017-11-06,16.55,16.629,16.629,16.451
652,2017-11-07,16.619,16.806,16.914,16.619
653,2017-11-08,16.747,17.023,17.397,16.747
654,2017-11-09,16.934,16.944,17.032,16.865
655,2017-11-10,16.944,16.796,17.062,16.707
656,2017-11-13,16.845,16.776,16.993,16.757
657,2017-11-14,16.786,16.589,16.875,16.55
658,2017-11-15,16.5,16.589,16.668,16.491
659,2017-11-16,16.53,16.294,16.609,16.274
660,2017-11-17,16.294,16.747,16.796,15.89
661,2017-11-20,16.56,16.678,16.776,16.412
662,2017-11-21,16.638,16.934,17.279,16.599
663,2017-11-22,16.895,16.855,16.973,16.697
664,2017-11-23,16.747,16.392,16.924,16.234
665,2017-11-24,16.254,16.432,16.471,16.185
666,2017-11-27,16.343,16.461,16.619,16.313
667,2017-11-28,16.412,16.422,16.5,16.264
668,2017-11-29,16.451,16.254,16.471,16.156
669,2017-11-30,16.195,16.175,16.372,16.018
670,2017-12-01,16.156,16.166,16.185,16.037
671,2017-12-04,16.077,16.136,16.156,15.89
672,2017-12-05,16.126,16.5,16.629,16.097
673,2017-12-06,16.412,16.471,16.53,16.294
674,2017-12-07,16.432,16.372,16.51,16.136
675,2017-12-08,16.166,16.205,16.333,16.166
676,2017-12-11,16.116,16.146,16.234,16.057
677,2017-12-12,16.146,15.88,16.146,15.86
678,2017-12-13,15.86,15.9,15.988,15.821
679,2017-12-14,15.939,15.584,15.939,15.545
680,2017-12-15,15.545,15.565,15.643,15.476
681,2017-12-18,15.515,15.604,15.634,15.486
682,2017-12-19,15.555,15.624,15.683,15.545
683,2017-12-20,15.565,15.348,15.604,14.974
684,2017-12-21,15.24,15.121,15.338,15.043
685,2017-12-22,15.131,14.639,15.171,14.629
686,2017-12-25,14.639,14.136,14.639,14.097
687,2017-12-26,14.126,14.235,14.264,14.087
688,2017-12-27,14.185,14.117,14.245,14.008
689,2017-12-28,14.087,14.185,14.56,14.018
690,2017-12-29,14.205,14.185,14.294,14.077
691,2018-01-02,14.205,14.304,14.442,14.205
692,2018-01-03,14.304,14.481,14.55,14.245
693,2018-01-04,14.451,14.422,14.461,14.392
694,2018-01-05,14.422,14.422,14.57,14.373
695,2018-01-08,14.402,14.432,14.767,14.215
696,2018-01-09,14.442,14.294,14.58,14.215
697,2018-01-10,14.245,13.988,14.353,13.89
698,2018-01-11,13.988,13.988,14.067,13.89
699,2018-01-12,13.969,13.722,14.057,13.713
700,2018-01-15,13.693,13.082,13.722,13.072
701,2018-01-16,13.043,13.289,13.309,13.013
702,2018-01-17,13.299,13.772,13.988,13.299
703,2018-01-18,13.703,13.742,13.92,13.693
704,2018-01-19,13.762,15.121,15.121,13.752
705,2018-01-22,15.171,15.594,16.156,14.954
706,2018-01-23,15.368,15.555,15.643,15.121
707,2018-01-24,15.643,15.939,16.382,15.584
708,2018-01-25,15.614,15.279,15.732,15.22
709,2018-01-26,15.18,15.417,15.712,15.151
710,2018-01-29,15.387,15.111,15.466,14.974
711,2018-01-30,15.161,15.141,15.358,14.905
712,2018-01-31,14.964,14.343,14.964,14.215
713,2018-02-01,14.392,14.56,14.57,14.038
714,2018-02-02,14.304,14.254,14.481,14.107
715,2018-02-05,14.038,14.422,14.53,13.801
716,2018-02-06,14.008,14.422,14.461,14.008
717,2018-02-07,14.619,14.402,14.737,13.89
718,2018-02-08,14.215,14.333,14.402,14.048
719,2018-02-09,14.038,13.22,14.146,12.905
720,2018-02-12,13.319,13.082,13.338,12.925
721,2018-02-13,13.161,13.072,13.378,13.033
722,2018-02-14,13.102,13.131,13.21,12.944
723,2018-02-22,13.151,13.191,13.368,13.082
724,2018-02-23,13.131,13.151,13.289,13.102
725,2018-02-26,13.2,13.535,13.614,13.112
726,2018-02-27,13.457,13.506,13.585,13.348
727,2018-02-28,13.417,13.585,13.791,13.21
728,2018-03-01,13.486,13.614,13.673,13.457
729,2018-03-02,13.525,13.506,13.722,13.457
730,2018-03-05,13.466,13.565,13.624,13.466
731,2018-03-06,13.673,14.048,14.136,13.673
732,2018-03-07,14.018,13.742,14.087,13.673
733,2018-03-08,13.742,13.791,13.87,13.673
734,2018-03-09,13.791,13.988,14.038,13.742
735,2018-03-12,14.117,14.077,14.245,13.929
736,2018-03-13,14.067,13.831,14.067,13.811
737,2018-03-14,13.811,13.614,13.88,13.604
738,2018-03-15,13.614,13.654,13.722,13.545
739,2018-03-16,13.644,13.407,13.752,13.397
740,2018-03-19,13.427,13.486,13.506,13.25
741,2018-03-20,13.407,13.378,13.447,13.279
742,2018-03-21,13.388,14.314,14.717,13.388
743,2018-03-22,14.067,14.028,14.304,13.939
744,2018-03-23,13.457,13.033,13.614,12.925
745,2018-03-26,12.954,13.161,13.2,12.718
746,2018-03-27,13.348,13.407,13.535,13.22
747,2018-03-28,13.191,13.397,13.594,13.151
748,2018-03-29,13.555,13.998,14.185,13.427
749,2018-03-30,13.959,13.998,14.067,13.841
750,2018-04-02,14.067,13.998,14.511,13.969
751,2018-04-03,13.791,14.117,14.284,13.703
752,2018-04-04,14.117,13.91,14.422,13.9
753,2018-04-09,13.9,14.353,14.373,13.88
754,2018-04-10,14.383,14.471,14.639,14.166
755,2018-04-11,14.333,14.225,14.442,14.176
756,2018-04-12,14.185,13.998,14.343,13.988
757,2018-04-13,14.057,13.979,14.205,13.92
758,2018-04-16,13.87,13.831,14.057,13.801
759,2018-04-17,13.821,13.92,14.254,13.821
760,2018-04-18,14.136,14.136,14.176,13.88
761,2018-04-19,14.136,14.215,14.373,14.057
762,2018-04-20,14.117,13.348,14.166,13.309
763,2018-04-23,13.397,13.437,13.535,13.131
764,2018-04-24,13.397,13.693,13.742,13.397
765,2018-04-25,13.614,13.663,13.782,13.565
766,2018-04-26,13.654,13.23,13.732,13.22
767,2018-04-27,13.378,13.378,13.614,13.22
768,2018-05-02,13.654,13.457,13.722,13.388
769,2018-05-03,13.585,14.333,14.56,13.516
770,2018-05-04,14.195,14.451,14.55,14.097
771,2018-05-07,14.58,14.757,15.072,14.58
772,2018-05-08,14.796,14.836,15.003,14.639
773,2018-05-09,14.678,14.767,14.954,14.648
774,2018-05-10,14.924,14.846,14.944,14.589
775,2018-05-11,14.836,14.58,14.885,14.57
776,2018-05-14,14.688,15.013,15.121,14.678
777,2018-05-15,14.974,14.846,15.013,14.58
778,2018-05-16,14.678,14.373,14.678,14.294
779,2018-05-17,14.392,14.422,14.501,14.323
780,2018-05-18,14.383,14.58,14.619,14.294
781,2018-05-21,14.658,14.629,14.727,14.52
782,2018-05-22,14.609,14.53,14.609,14.363
783,2018-05-23,14.491,14.451,14.717,14.383
784,2018-05-24,14.363,14.392,14.53,14.333
785,2018-05-25,14.363,14.471,14.629,14.314
786,2018-05-28,14.402,14.826,14.905,14.304
787,2018-05-29,14.747,14.619,14.846,14.442
788,2018-05-30,14.392,13.772,14.56,13.693
789,2018-05-31,13.988,13.959,14.048,13.762
790,2018-06-01,13.929,14.156,14.511,13.772
791,2018-06-04,14.146,14.028,14.314,13.998
792,2018-06-05,14.077,14.304,14.323,13.929
793,2018-06-06,14.185,14.52,14.648,14.087
794,2018-06-07,14.54,14.58,14.885,14.422
795,2018-06-08,14.511,14.639,14.717,14.383
796,2018-06-11,14.53,14.767,14.993,14.53
797,2018-06-12,14.698,14.786,14.983,14.609
798,2018-06-13,14.727,14.511,14.727,14.442
799,2018-06-14,14.481,14.993,15.377,14.471
800,2018-06-15,14.846,14.708,15.171,14.648
801,2018-06-19,14.52,13.811,14.865,13.328
802,2018-06-20,13.722,13.673,13.949,13.338
803,2018-06-21,13.663,12.639,13.663,12.521
804,2018-06-22,12.412,12.678,12.826,12.334
805,2018-06-25,12.836,12.619,13.023,12.57
806,2018-06-26,12.127,12.58,12.718,12.127
807,2018-06-27,12.629,12.55,12.708,12.373
808,2018-06-28,12.58,12.668,13.092,12.531
809,2018-06-29,12.659,12.846,12.934,12.511
810,2018-07-02,12.718,12.54,12.806,12.373
811,2018-07-03,12.59,12.708,12.737,12.442
812,2018-07-04,12.698,12.481,12.708,12.402
813,2018-07-05,12.442,12.462,12.659,12.215
814,2018-07-06,12.501,12.54,12.856,12.235
815,2018-07-09,12.609,12.728,12.747,12.55
816,2018-07-10,12.678,12.718,12.767,12.59
817,2018-07-11,12.462,12.422,12.471,12.196
818,2018-07-12,12.393,12.639,12.757,12.373
819,2018-07-13,12.609,12.471,12.609,12.442
820,2018-07-16,12.462,12.442,12.54,12.334
821,2018-07-17,12.442,12.432,12.452,12.274
822,2018-07-18,12.412,12.402,12.501,12.343
823,2018-07-19,12.422,12.215,12.491,12.196
824,2018-07-20,12.166,12.432,12.491,12.127
825,2018-07-23,12.334,12.521,12.57,12.215
826,2018-07-24,12.481,12.678,12.885,12.462
827,2018-07-25,12.668,12.57,12.668,12.511
828,2018-07-26,12.57,12.501,12.688,12.481
829,2018-07-27,12.54,12.511,12.619,12.462
830,2018-07-30,12.442,12.324,12.56,12.284
831,2018-07-31,12.373,12.343,12.462,12.245
832,2018-08-01,12.363,12.205,12.432,12.196
833,2018-08-02,12.215,11.447,12.245,11.132
834,2018-08-03,11.358,11.427,11.555,11.329
835,2018-08-06,11.476,10.284,11.496,10.284
836,2018-08-07,10.048,10.275,10.284,9.585
837,2018-08-08,10.127,9.93,10.156,9.871
838,2018-08-09,9.98,10.05,10.14,9.85
839,2018-08-10,9.99,10.18,10.32,9.99
840,2018-08-13,10.05,10.07,10.1,9.92
841,2018-08-14,10.07,10.05,10.13,10.03
842,2018-08-15,10.05,9.82,10.1,9.81
843,2018-08-16,9.78,9.91,10.16,9.62
844,2018-08-17,9.96,9.7,10.06,9.68
845,2018-08-20,9.7,9.88,9.95,9.66
846,2018-08-21,9.88,9.9,9.99,9.81
847,2018-08-22,9.9,9.77,9.94,9.76
848,2018-08-23,9.76,9.88,9.99,9.74
849,2018-08-24,9.84,9.83,9.96,9.75
850,2018-08-27,9.83,9.94,9.97,9.82
851,2018-08-28,9.97,9.95,10.05,9.9
852,2018-08-29,9.95,9.88,9.98,9.84
853,2018-08-30,9.9,9.72,9.95,9.72
854,2018-08-31,9.76,10.0,10.19,9.72
855,2018-09-03,9.95,10.14,10.22,9.86
856,2018-09-04,10.15,10.19,10.4,9.98
857,2018-09-05,10.19,10.06,10.27,10.05
858,2018-09-06,10.06,10.05,10.17,9.98
859,2018-09-07,10.04,10.12,10.23,10.0
860,2018-09-10,10.09,9.83,10.11,9.83
861,2018-09-11,9.83,10.14,10.18,9.81
862,2018-09-12,10.18,10.23,10.4,10.09
863,2018-09-13,10.33,10.27,10.45,10.22
864,2018-09-14,10.23,10.32,10.37,10.21
865,2018-09-17,10.29,10.11,10.29,10.05
866,2018-09-18,10.11,10.32,10.36,10.11
867,2018-09-19,10.26,10.31,10.4,10.23
868,2018-09-20,10.3,10.23,10.41,10.21
869,2018-09-21,10.24,10.48,10.51,10.23
870,2018-09-25,10.38,10.46,10.5,10.34
871,2018-09-26,10.45,10.33,10.54,10.29
872,2018-09-27,10.32,10.18,10.35,10.16
873,2018-09-28,10.18,10.26,10.3,10.18
874,2018-10-08,10.13,9.78,10.14,9.76
875,2018-10-09,9.81,9.77,9.93,9.75
876,2018-10-10,9.77,9.81,9.87,9.67
877,2018-10-11,9.48,8.95,9.56,8.83
878,2018-10-12,8.89,8.56,8.96,8.36
879,2018-10-15,8.64,8.48,8.75,8.44
880,2018-10-16,8.47,8.56,8.71,8.47
881,2018-10-17,8.5,8.4,8.69,8.11
882,2018-10-18,8.3,8.23,8.39,8.18
883,2018-10-19,8.1,8.47,8.49,8.04
884,2018-10-22,8.6,9.32,9.32,8.55
885,2018-10-23,9.7,9.45,9.84,9.34
886,2018-10-24,9.32,10.01,10.36,9.27
887,2018-10-25,9.7,10.29,10.34,9.65
888,2018-10-26,10.25,9.96,10.29,9.88
889,2018-10-29,9.95,9.91,10.16,9.77
890,2018-10-30,9.92,10.41,10.67,9.7
891,2018-10-31,10.28,10.15,10.38,10.03
892,2018-11-01,10.22,10.04,10.74,10.02
893,2018-11-02,10.25,10.38,10.45,10.02
894,2018-11-05,10.29,10.45,10.53,10.17
895,2018-11-06,10.36,10.32,10.55,10.15
896,2018-11-07,10.25,10.1,10.32,10.1
897,2018-11-08,10.17,10.01,10.32,9.97
898,2018-11-09,10.02,10.08,10.25,9.97
899,2018-11-12,10.08,10.42,10.53,10.03
900,2018-11-13,10.34,10.68,10.9,10.21
901,2018-11-14,10.68,10.74,11.21,10.61
902,2018-11-15,10.62,11.02,11.03,10.61
903,2018-11-16,10.96,11.29,11.66,10.85
904,2018-11-19,11.18,11.52,11.78,11.14
905,2018-11-20,11.4,10.99,11.73,10.9
906,2018-11-21,10.89,11.0,11.16,10.77
907,2018-11-22,11.05,10.85,11.1,10.61
908,2018-11-23,10.79,10.38,11.05,10.38
909,2018-11-26,10.36,10.68,10.99,10.31
910,2018-11-27,10.63,10.6,10.87,10.45
911,2018-11-28,10.58,10.88,11.01,10.52
912,2018-11-29,10.91,10.41,11.06,10.38
913,2018-11-30,10.3,10.49,10.57,10.19
914,2018-12-03,10.92,10.71,11.0,10.58
915,2018-12-04,10.66,10.75,10.83,10.59
916,2018-12-05,10.5,10.45,10.63,10.41
917,2018-12-06,10.4,10.2,10.45,10.15
918,2018-12-07,10.25,10.22,10.36,10.18
919,2018-12-10,10.13,10.05,10.23,9.98
920,2018-12-11,10.09,10.08,10.16,10.02
921,2018-12-12,10.11,10.15,10.33,10.1
922,2018-12-13,10.18,10.24,10.36,10.07
923,2018-12-14,10.19,9.81,10.28,9.79
924,2018-12-17,9.8,10.01,10.04,9.72
925,2018-12-18,9.94,9.89,10.05,9.76
926,2018-12-19,9.93,9.91,10.03,9.85
927,2018-12-20,9.85,10.08,10.16,9.83
928,2018-12-21,10.0,9.83,10.03,9.71
929,2018-12-24,9.75,9.82,9.89,9.73
930,2018-12-25,9.71,9.47,9.74,9.18
931,2018-12-26,9.46,9.42,9.53,9.37
932,2018-12-27,9.59,9.41,9.65,9.41
933,2018-12-28,9.44,9.56,9.73,9.41
934,2019-01-02,9.55,9.48,9.59,9.37
935,2019-01-03,9.51,9.62,9.94,9.46
936,2019-01-04,9.5,10.42,10.58,9.45
937,2019-01-07,10.45,10.34,10.48,10.24
938,2019-01-08,10.26,10.31,10.58,10.21
939,2019-01-09,10.38,10.28,10.51,10.25
940,2019-01-10,10.3,10.06,10.46,10.0
941,2019-01-11,10.09,10.07,10.18,9.97
942,2019-01-14,10.09,9.98,10.17,9.9
943,2019-01-15,9.94,10.11,10.24,9.93
944,2019-01-16,10.12,9.94,10.14,9.9
945,2019-01-17,9.96,9.9,10.02,9.83
946,2019-01-18,9.87,10.04,10.08,9.87
947,2019-01-21,10.05,10.01,10.11,9.92
948,2019-01-22,9.94,9.82,10.03,9.78
949,2019-01-23,9.79,9.71,9.85,9.67
950,2019-01-24,9.73,9.8,9.93,9.72
951,2019-01-25,9.78,9.74,9.84,9.73
952,2019-01-28,9.78,9.68,9.92,9.65
953,2019-01-29,9.65,9.53,9.65,9.35
954,2019-01-30,9.53,9.51,9.6,9.45
955,2019-01-31,9.57,9.48,9.68,9.42
956,2019-02-01,9.63,9.74,9.74,9.61
957,2019-02-11,9.78,9.93,9.94,9.7
958,2019-02-12,9.96,9.98,10.06,9.87
959,2019-02-13,9.99,10.34,10.41,9.94
960,2019-02-14,10.3,10.36,10.48,10.26
961,2019-02-15,10.32,10.29,10.58,10.27
962,2019-02-18,10.41,11.32,11.32,10.41
963,2019-02-19,11.35,11.44,11.96,11.22
964,2019-02-20,11.44,11.55,11.63,11.26
965,2019-02-21,11.59,11.7,12.18,11.35
966,2019-02-22,11.7,12.87,12.87,11.51
967,2019-02-25,13.52,14.16,14.16,13.25
968,2019-02-26,14.5,13.7,14.98,13.5
969,2019-02-27,13.71,13.54,14.16,13.24
970,2019-02-28,13.45,13.13,13.47,12.92
971,2019-03-01,13.3,13.49,13.74,13.05
972,2019-03-04,13.6,13.59,14.34,13.21
973,2019-03-05,13.39,13.54,13.59,13.22
974,2019-03-06,13.61,14.2,14.35,13.52
975,2019-03-07,14.2,14.59,15.44,13.79
976,2019-03-08,13.73,13.13,14.19,13.13
977,2019-03-11,13.13,13.44,13.59,12.9
978,2019-03-12,13.57,13.67,13.98,13.38
979,2019-03-13,13.5,13.51,13.88,13.31
980,2019-03-14,13.32,13.3,13.67,13.03
981,2019-03-15,13.43,13.44,13.68,13.25
982,2019-03-18,13.44,13.86,13.89,13.2
983,2019-03-19,13.89,13.73,14.0,13.65
984,2019-03-20,13.61,13.93,14.02,13.58
985,2019-03-21,13.95,14.05,14.42,13.72
986,2019-03-22,14.0,13.82,14.08,13.53
987,2019-03-25,13.51,13.24,13.66,13.22
988,2019-03-26,13.28,13.03,13.4,12.92
989,2019-03-27,13.06,13.05,13.23,12.93
990,2019-03-28,13.0,12.9,13.23,12.82
991,2019-03-29,12.92,13.8,13.88,12.92
992,2019-04-01,13.86,13.92,14.18,13.64
993,2019-04-02,13.97,13.87,14.16,13.83
994,2019-04-03,13.75,14.47,14.47,13.72
995,2019-04-04,14.67,14.38,14.75,14.25
996,2019-04-08,14.74,14.01,14.8,13.83
997,2019-04-09,13.87,14.2,14.29,13.78
998,2019-04-10,14.0,13.78,14.09,13.59
999,2019-04-11,13.91,13.97,14.38,13.81
1000,2019-04-12,13.84,13.87,14.19,13.61
1001,2019-04-15,14.2,13.52,14.29,13.49
1002,2019-04-16,13.31,13.78,13.82,13.23
1003,2019-04-17,13.78,14.25,14.54,13.7
1004,2019-04-18,14.13,14.74,15.19,14.03
1005,2019-04-19,14.92,15.04,15.43,14.8
1006,2019-04-22,15.51,14.49,15.61,14.44
1007,2019-04-23,14.43,14.34,14.88,14.01
1008,2019-04-24,14.34,14.43,14.55,14.24
1009,2019-04-25,14.32,13.66,14.52,13.6
1010,2019-04-26,13.52,13.87,14.14,13.48
1011,2019-04-29,13.87,12.72,13.95,12.7
1012,2019-04-30,12.85,13.25,13.4,12.85
1013,2019-05-06,12.4,11.93,12.76,11.93
1014,2019-05-07,12.14,12.06,12.18,11.66
1015,2019-05-08,11.76,11.82,12.1,11.68
1016,2019-05-09,11.66,11.74,12.06,11.66
1017,2019-05-10,11.92,12.28,12.38,11.74
1018,2019-05-13,12.05,12.07,12.2,12.01
1019,2019-05-14,11.96,11.95,12.25,11.92
1020,2019-05-15,12.08,12.14,12.22,12.02
1021,2019-05-16,12.07,12.12,12.25,12.04
1022,2019-05-17,12.17,11.42,12.18,11.29
1023,2019-05-20,11.4,11.62,11.84,11.32
1024,2019-05-21,11.68,11.8,11.98,11.58
1025,2019-05-22,11.85,11.64,11.91,11.55
1026,2019-05-23,11.61,11.65,11.87,11.54
1027,2019-05-24,11.61,11.55,11.78,11.54
1028,2019-05-27,11.67,12.18,12.25,11.61
1029,2019-05-28,12.08,12.15,12.19,11.93
1030,2019-05-29,12.03,11.99,12.24,11.93
1031,2019-05-30,11.95,11.82,11.97,11.73
1032,2019-05-31,11.84,11.67,11.9,11.63
1033,2019-06-03,11.75,11.68,11.9,11.56
1034,2019-06-04,11.63,11.59,11.7,11.49
1035,2019-06-05,11.72,11.63,11.82,11.63
1036,2019-06-06,11.61,11.43,11.74,11.41
1037,2019-06-10,11.44,11.39,11.53,11.02
1038,2019-06-11,11.31,11.91,11.96,11.31
1039,2019-06-12,11.84,11.72,11.94,11.7
1040,2019-06-13,11.69,11.77,11.88,11.67
1041,2019-06-14,11.77,11.51,11.87,11.48
1042,2019-06-17,11.45,11.5,11.63,11.36
1043,2019-06-18,11.47,11.16,11.5,11.03
1044,2019-06-19,11.7,11.33,11.8,11.32
1045,2019-06-20,11.32,11.95,12.17,11.26
1046,2019-06-21,11.93,12.13,12.34,11.93
1047,2019-06-24,12.26,12.09,12.31,12.01
1048,2019-06-25,12.08,12.13,12.26,11.82
1049,2019-06-26,11.88,11.85,12.06,11.81
1050,2019-06-27,11.89,11.98,12.19,11.87
1051,2019-06-28,11.92,11.88,11.99,11.78
1052,2019-07-01,12.19,12.17,12.25,12.07
1053,2019-07-02,12.18,12.3,12.32,12.08
1054,2019-07-03,12.27,12.07,12.27,11.97
1055,2019-07-04,12.09,12.07,12.25,11.97
1056,2019-07-05,12.05,12.03,12.08,11.9
1057,2019-07-08,12.02,11.55,12.02,11.47
1058,2019-07-09,11.59,11.61,11.67,11.38
1059,2019-07-10,11.62,11.57,11.74,11.51
1060,2019-07-11,11.66,11.58,11.75,11.48
1061,2019-07-12,11.58,11.52,11.63,11.44
1062,2019-07-15,11.51,11.77,11.93,11.35
1063,2019-07-16,11.88,12.04,12.17,11.88
1064,2019-07-17,11.85,11.9,12.0,11.77
1065,2019-07-18,11.78,11.65,11.86,11.65
1066,2019-07-19,11.6,11.67,11.8,11.57
1067,2019-07-22,11.69,11.18,11.7,11.16
1068,2019-07-23,11.23,11.24,11.28,11.15
1069,2019-07-24,11.26,11.3,11.43,11.24
1070,2019-07-25,11.3,11.34,11.35,11.25
1071,2019-07-26,11.33,11.27,11.33,11.22
1072,2019-07-29,11.27,11.21,11.3,11.17
1073,2019-07-30,11.22,11.31,11.41,11.22
1074,2019-07-31,11.26,11.27,11.33,11.22
1075,2019-08-01,11.2,11.18,11.26,11.14
1076,2019-08-02,10.95,10.79,10.98,10.74
1077,2019-08-05,10.74,10.61,10.96,10.61
1078,2019-08-06,10.41,10.37,10.53,10.04
1079,2019-08-07,10.4,10.19,10.42,10.17
1080,2019-08-08,10.75,10.48,10.79,10.44
1081,2019-08-09,10.5,10.27,10.57,10.22
1082,2019-08-12,10.39,10.48,10.55,10.36
