,secID,ticker,tradeDate,AccountsPayablesTDays,AccountsPayablesTRate,AdminiExpenseRate,ARTDays,ARTRate,ASSI,BLEV,BondsPayableToAsset,CashRateOfSales,CashToCurrentLiability,CMRA,CTOP,CTP5,CurrentAssetsRatio,CurrentAssetsTRate,CurrentRatio,DAVOL10,DAVOL20,DAVOL5,DDNBT,DDNCR,DDNSR,DebtEquityRatio,DebtsAssetRatio,DHILO,DilutedEPS,DVRAT,EBITToTOR,EGRO,EMA10,EMA120,EMA20,EMA5,EMA60,EPS,EquityFixedAssetRatio,EquityToAsset,EquityTRate,ETOP,ETP5,FinancialExpenseRate,FinancingCashGrowRate,FixAssetRatio,FixedAssetsTRate,GrossIncomeRatio,HBETA,HSIGMA,IntangibleAssetRatio,InventoryTDays,InventoryTRate,InvestCashGrowRate,LCAP,LFLO,LongDebtToAsset,LongDebtToWorkingCapital,LongTermDebtToAsset,MA10,MA120,MA20,MA5,MA60,MAWVAD,MFI,MLEV,NetAssetGrowRate,NetProfitGrowRate,NetProfitRatio,NOCFToOperatingNI,NonCurrentAssetsRatio,NPParentCompanyGrowRate,NPToTOR,OperatingExpenseRate,OperatingProfitGrowRate,OperatingProfitRatio,OperatingProfitToTOR,OperatingRevenueGrowRate,OperCashGrowRate,OperCashInToCurrentLiability,PB,PCF,PE,PS,PSY,QuickRatio,REVS10,REVS20,REVS5,ROA,ROA5,ROE,ROE5,RSI,RSTR12,RSTR24,SalesCostRatio,SaleServiceCashToOR,SUE,TaxRatio,TOBT,TotalAssetGrowRate,TotalAssetsTRate,TotalProfitCostRatio,TotalProfitGrowRate,VOL10,VOL120,VOL20,VOL240,VOL5,VOL60,WVAD,REC,DAREC,GREC,FY12P,DAREV,GREV,SFY12P,DASREV,GSREV,FEARNG,FSALESG,TA2EV,CFO2EV,ACCA,DEGM,SUOI,EARNMOM,FiftyTwoWeekHigh,Volatility,Skewness,ILLIQUIDITY,BackwardADJ,MACD,ADTM,ATR14,ATR6,BIAS10,BIAS20,BIAS5,BIAS60,BollDown,BollUp,CCI10,CCI20,CCI5,CCI88,KDJ_K,KDJ_D,KDJ_J,ROC6,ROC20,SBM,STM,UpRVI,DownRVI,RVI,SRMI,ChandeSD,ChandeSU,CMO,DBCD,ARC,OBV,OBV6,OBV20,TVMA20,TVMA6,TVSTD20,TVSTD6,VDEA,VDIFF,VEMA10,VEMA12,VEMA26,VEMA5,VMACD,VOSC,VR,VROC12,VROC6,VSTD10,VSTD20,KlingerOscillator,MoneyFlow20,AD,AD20,AD6,CoppockCurve,ASI,ChaikinOscillator,ChaikinVolatility,EMV14,EMV6,plusDI,minusDI,ADX,ADXR,Aroon,AroonDown,AroonUp,DEA,DIFF,DDI,DIZ,DIF,MTM,MTMMA,PVT,PVT6,PVT12,TRIX5,TRIX10,UOS,MA10RegressCoeff12,MA10RegressCoeff6,PLRC6,PLRC12,SwingIndex,Ulcer10,Ulcer5,Hurst,ACD6,ACD20,EMA12,EMA26,APBMA,BBI,BBIC,TEMA10,TEMA5,MA10Close,AR,BR,ARBR,CR20,MassIndex,BearPower,BullPower,Elder,NVI,PVI,RC12,RC24,JDQS20
0,603197.XSHG,603197,2017-05-19,75.748,4.7526,0.1122,74.4679,4.8343,21.3007,0.1444,0,0.0819,0.3232,,,,0.6798,1.8356,1.3912,0.0,0.0,0.0,,,,1.5829,0.5625,0.0,0.5145,,0.1508,0.48,32.93,32.93,32.93,32.93,32.93,0.5145,1.748,0.4375,2.7486,0.0492,,0.0094,0.8676,0.2503,4.6259,0.3509,,,0.0174,111.7145,3.2225,,22.0729,20.6868,0.0488,0.3864,0.0739,32.93,32.93,32.93,32.93,32.93,,,0.033,0.3031,0.6393,0.1055,0.598,0.3202,0.6698,0.1055,0.0774,0.4537,0.137,0.137,0.2579,0.0786,0.1692,6.0913,26.1862,26.9767,2.1454,,0.9636,,,,0.137,,0.3097,,,0.3646,0.3646,0.6491,0.9035,4.4548,0.0077,,0.2822,1.212,0.168,0.4295,0.0006,0.0006,0.0006,0.0006,0.0006,0.0006,,,,,,,,,,,,,0.4493,0.0371,-0.0238,,2.7967,,,,,778.3436,,0.0,,,,0.0,0.0,0.0,0.0,,,,,,,,,,,,,,,,,,,,,0.0,,17162,17162.0,17162.0,0.5651,0.5651,,,0.0,0.0,17162.0,17162.0,17162.0,17162.0,0.0,0.0,,,,,,0.0,565144.66,0.0075,0.0075,0.0075,122.4213,,0.0,,0.0,0.0,,,,,0,100,100,0.0,0.0,,,,,,,,,,,100.0,,,,,,0.0,0.0,,,,32.93,32.93,0.0,32.93,1.0,32.93,32.93,1.0,,,,,,0.0,0.0,0.0,,,,,
1,603197.XSHG,603197,2017-05-22,75.748,4.7526,0.1122,74.4679,4.8343,21.3007,0.1444,0,0.0819,0.3232,,,,0.6798,1.8356,1.3912,0.0,0.0,0.0,,,,1.5829,0.5625,0.0,0.5145,,0.1508,0.48,33.5282,32.9844,33.2433,34.0267,33.0379,0.5145,1.748,0.4375,2.7486,0.0447,,0.0094,0.8676,0.2503,4.6259,0.3509,,,0.0174,111.7145,3.2225,,22.1682,20.782,0.0488,0.3864,0.0739,34.575,34.575,34.575,34.575,34.575,,,0.0301,0.3031,0.6393,0.1055,0.598,0.3202,0.6698,0.1055,0.0774,0.4537,0.137,0.137,0.2579,0.0786,0.1692,6.6999,28.8024,29.6719,2.3597,,0.9636,,,,0.137,,0.3097,,,0.4598,0.4598,0.6491,0.9035,4.4548,0.0077,,0.2822,1.212,0.168,0.4295,0.0004,0.0004,0.0004,0.0004,0.0004,0.0004,,,,,,,,,,,,,0.4095,0.0338,-0.0238,,2.7967,,0.0,0.4714,,621.7561,,0.42,,3.29,3.29,4.7578,4.7578,4.7578,4.7578,29.9222,39.2278,66.6667,66.6667,66.6667,66.6667,66.6667,55.5556,88.8889,,,,,,,,,,,,0.5286,,25528,21345.0,21345.0,0.4341,0.4341,0.1854,0.1854,-140.335,-701.6752,15562.7273,15808.7692,16510.4444,14230.0,-1122.6804,0.0,,,,6219.7112,6219.7112,-53.8531,868161.18,0.0083,0.0079,0.0079,154.1666,,0.0003,,0.0,0.0,1.003,0.0,,,4,96,100,0.0525,0.2625,1.0,1.0,0.0,,,0.0,0.0,0.0,0.0037,0.0006,100.0,1.645,1.645,3.29,3.29,35.0933,6.4229,6.4229,,,,33.4362,33.1737,0.8225,34.575,0.9546,34.418,35.2452,0.9546,,,,,,2.82,2.82,0.0,100.0,100.0,,,
2,603197.XSHG,603197,2017-05-23,75.748,4.7526,0.1122,74.4679,4.8343,21.3007,0.1444,0,0.0819,0.3232,,,,0.6798,1.8356,1.3912,0.0,0.0,0.0,,,,1.5829,0.5625,0.0,0.5145,,0.1508,0.48,34.6758,33.0977,33.8716,35.9644,33.2609,0.5145,1.748,0.4375,2.7486,0.0406,,0.0094,0.8676,0.2503,4.6259,0.3509,,,0.0174,111.7145,3.2225,,22.2634,20.8773,0.0488,0.3864,0.0739,36.33,36.33,36.33,36.33,36.33,,,0.0274,0.3031,0.6393,0.1055,0.598,0.3202,0.6698,0.1055,0.0774,0.4537,0.137,0.137,0.2579,0.0786,0.1692,7.3695,31.6811,32.6374,2.5956,,0.9636,,,,0.137,,0.3097,,,0.555,0.555,0.6491,0.9035,4.4548,0.0077,,0.2822,1.212,0.168,0.4295,0.0004,0.0004,0.0004,0.0004,0.0004,0.0004,,,,,,,,,,,,,0.3731,0.0308,-0.0238,,2.7967,,0.5257,0.433,0.1431,507.1969,,1.1222,,3.455,3.455,9.6614,9.6614,9.6614,9.6614,29.4174,43.2426,100.0,100.0,100.0,100.0,77.7778,62.963,107.4074,,,,,,,,,,,,1.5434,,35396,26028.6667,26028.6667,0.4204,0.4204,0.1332,0.1332,-336.9894,-1123.6068,14527.3223,14894.8047,16018.4115,12776.0,-1573.2348,0.0,,,,4705.1046,4705.1046,-131.9761,1261302.3,0.0093,0.0084,0.0084,188.6112,,0.0007,,0.0,0.0,1.3314,0.0,,,8,92,100,0.1928,0.7539,1.0,1.0,0.0,,,0.001,0.0005,0.0005,0.0114,0.0021,100.0,1.7,1.7,3.455,3.455,339.1807,11.3047,11.3047,,,,34.4214,33.6675,1.7183,36.33,0.9119,37.0382,38.7674,0.9119,,,,,,5.52,5.52,0.0,100.0,109.9945,,,
3,603197.XSHG,603197,2017-05-24,75.748,4.7526,0.1122,74.4679,4.8343,21.3007,0.1444,0,0.0819,0.3232,,,,0.6798,1.8356,1.3912,0.0,0.0,0.0,,,,1.5829,0.5625,0.0,0.5145,,0.1508,0.48,36.3384,33.2749,34.8191,38.583,33.6071,0.5145,1.748,0.4375,2.7486,0.0369,,0.0094,0.8676,0.2503,4.6259,0.3509,,,0.0174,111.7145,3.2225,,22.3586,20.9725,0.0488,0.3864,0.0739,38.2025,38.2025,38.2025,38.2025,38.2025,,,0.025,0.3031,0.6393,0.1055,0.598,0.3202,0.6698,0.1055,0.0774,0.4537,0.137,0.137,0.2579,0.0786,0.1692,8.1057,34.846,35.8979,2.8549,,0.9636,,,,0.137,,0.3097,,,0.6503,0.6503,0.6491,0.9035,4.4548,0.0077,,0.2822,1.212,0.168,0.4295,0.001,0.001,0.001,0.001,0.001,0.001,,,,,,,,,,,,,0.3399,0.0281,-0.0238,,2.7967,,1.0,1.1884,0.1765,155.8769,,2.008,,3.63,3.63,14.7045,14.7045,14.7045,14.7045,28.824,47.581,103.2391,103.2391,103.2391,103.2391,85.1852,70.3704,114.8148,,,,,,,,,,,,3.0057,,114895,48245.25,48245.25,1.1862,1.1862,1.5355,1.5355,553.0554,4113.2344,26340.3546,24833.9117,20720.6773,35017.0,7120.358,0.0,,,,34067.4692,34067.4692,202.6698,4744948.48,0.0172,0.0106,0.0106,219.6903,,0.0033,,0.0,0.0,0.5565,0.0,,,12,88,100,0.4438,1.4478,1.0,1.0,0.0,,,0.0079,0.003,0.003,0.0222,0.0047,100.0,1.7572,1.7572,3.629,3.629,42.4533,15.8185,15.8185,,,,35.8673,34.4195,2.6931,38.6419,0.8818,40.5453,42.9657,0.8718,,,,,,8.1429,8.1429,0.0,100.0,120.9829,,,
4,603197.XSHG,603197,2017-05-25,75.748,4.7526,0.1122,74.4679,4.8343,21.3007,0.1444,0,0.0819,0.3232,,,,0.6798,1.8356,1.3912,0.0,0.0,0.0,,,,1.5829,0.5625,0.0,0.5145,,0.1508,0.48,38.495,33.5216,36.0934,41.7886,34.0855,0.5145,1.748,0.4375,2.7486,0.0336,,0.0094,0.8676,0.2503,4.6259,0.3509,,,0.0174,111.7145,3.2225,,22.4539,21.0678,0.0488,0.3864,0.0739,40.202,40.202,40.202,40.202,40.202,,,0.0228,0.3031,0.6393,0.1055,0.598,0.3202,0.6698,0.1055,0.0774,0.4537,0.137,0.137,0.2579,0.0786,0.1692,8.916,38.329,39.486,3.1402,,0.9636,,,,0.137,,0.3097,,,0.7455,0.7455,0.6491,0.9035,4.4548,0.0077,,0.2822,1.212,0.168,0.4295,0.0015,0.0015,0.0015,0.0015,0.0015,0.0015,,,,,,,,,,,,,0.3096,0.0256,-0.0238,,2.7967,,1.0,1.0477,0.2103,83.4554,,3.0088,,3.8175,3.8175,19.8945,19.8945,19.8945,19.8945,28.122,52.282,114.7555,114.7555,114.7555,114.7555,90.1235,76.9548,116.4609,,,,,,,,,,,,4.8823,,225171,83630.4,83630.4,2.0121,2.0121,2.2755,2.2755,2567.333,10624.4435,41601.381,37978.8484,27354.4049,60103.3333,16114.221,0.0,,,,46910.5344,46910.5344,984.5162,10060251.68,0.0282,0.0141,0.0141,251.1352,,0.0075,,0.0,0.0,0.5291,0.0,,,16,84,100,0.8199,2.3243,1.0,1.0,0.0,,,0.011,0.005,0.005,0.0344,0.0085,100.0,1.8171,1.8171,3.814,3.814,89.1733,20.0241,20.0241,,,,37.7646,35.4403,3.7541,41.1398,0.8535,44.7799,47.6208,0.8341,,,,,,10.7339,10.7339,0.0,100.0,133.0757,,,
5,603197.XSHG,603197,2017-05-26,75.748,4.7526,0.1122,74.4679,4.8343,21.3007,0.1444,0,0.0819,0.3232,,,,0.6798,1.8356,1.3912,0.0,0.0,0.0035,,,,1.5829,0.5625,0.0,0.5145,,0.1508,0.48,41.1359,33.8439,37.7055,45.5324,34.7063,0.5145,1.748,0.4375,2.7486,0.0305,,0.0094,0.8676,0.2503,4.6259,0.3509,,,0.0174,111.7145,3.2225,,22.5492,21.1631,0.0488,0.3864,0.0739,42.3383,42.3383,42.3383,44.22,42.3383,,,0.0208,0.3031,0.6393,0.1055,0.598,0.3202,0.6698,0.1055,0.0774,0.4537,0.137,0.137,0.2579,0.0786,0.1692,9.8075,42.1619,43.4347,3.4542,,0.9636,,,1.6101,0.137,,0.3097,,,0.8408,0.8408,0.6491,0.9035,4.4548,0.0077,,0.2822,1.212,0.168,0.4295,0.0179,0.0179,0.0179,0.0179,0.0214,0.0179,,,,,,,,,,,,,0.282,0.0233,-0.0238,,2.7967,,1.0,2.2402,0.244,5.6995,,4.0788,,4.018,4.018,25.2294,25.2294,19.9005,25.2294,27.2959,57.3808,118.5206,118.5206,114.7626,118.5206,93.4157,82.4418,115.3635,,,,,,,,,,,,6.551,,3144720,593812.0,593812.0,27.4758,27.4758,62.4064,62.4064,49995.1247,239706.2917,564864.5845,481297.3333,241591.0416,1013251.8889,379422.334,0.0,,,,1174265.6008,1174265.6008,19234.412,164854739.66,0.3202,0.0651,0.0651,281.5721,2208.1472,0.1015,,0.0,0.0,0.5376,0.0,,,20,80,100,1.3297,3.3691,1.0,1.0,0.0,,,0.292,0.0624,0.0624,0.0468,0.0132,100.0,1.8799,1.8799,4.0106,4.0106,98.1333,23.9494,20.0285,,30.15,,40.1116,36.7425,5.5141,43.8404,0.8269,49.6453,52.671,0.7985,,,,,,13.3319,13.3319,0.0,100.0,146.3833,,,
6,603197.XSHG,603197,2017-05-31,75.748,4.7526,0.1122,74.4679,4.8343,21.3007,0.1444,0,0.0819,0.3232,,,,0.6798,1.8356,1.3912,0.0,0.0,0.0387,,,,1.5829,0.5625,0.0,0.5145,,0.1508,0.48,43.6512,34.1931,39.3497,48.6783,35.3707,0.5145,1.748,0.4375,2.7486,0.0295,,0.0094,0.8676,0.2503,4.6259,0.3509,,,0.0174,111.7145,3.2225,,22.5853,21.1992,0.0488,0.3864,0.0739,44.1429,44.1429,44.1429,47.97,44.1429,,,0.02,0.3031,0.6393,0.1055,0.598,0.3202,0.6698,0.1055,0.0774,0.4537,0.137,0.137,0.2579,0.0786,0.1692,10.1683,43.7126,45.0321,3.5813,,0.9636,,,1.5177,0.137,,0.3097,,,0.877,0.877,0.6491,0.9035,4.4548,0.0077,,0.2822,1.212,0.168,0.4295,0.0971,0.0971,0.0971,0.0971,0.1358,0.0971,,,,,,,,,,,,,0.2721,0.0225,-0.0238,,2.7967,,0.928,2.1908,0.0195,0.8845,,4.7602,,4.2317,4.3843,24.5274,24.5274,14.5925,24.5274,27.4174,60.8683,109.9576,109.9576,99.7979,109.9576,91.2124,85.3653,102.9066,66.9299,,,,,,,,,,,7.4445,,19907069,3908796.5,3352848.7143,157.6848,183.8714,349.1792,374.9015,344140.8242,1520723.6224,3509861.751,2986074.5128,1465350.8904,6262950.9259,2353165.5964,0.0,,,97571.3029,6230382.4997,6230382.4997,133068.8329,1096841344.06,-6.2663,-0.8394,-0.9805,309.8971,2505.9125,-1.965,,11.8675,13.8455,0.4892,0.0,,,24,76,100,1.9247,4.3048,1.0,1.0,0.0,,,0.6165,0.1547,0.1547,0.0549,0.0182,90.5501,1.8942,1.939,3.9334,3.86,64.5779,24.2142,16.3296,,22.04,,42.3975,38.0927,6.5851,46.5902,0.8476,53.5744,55.7719,0.803,,,,,5.0,11.6388,16.4488,0.0875,100.0,151.7671,,,0.0
7,603197.XSHG,603197,2017-06-01,75.748,4.7526,0.1122,74.4679,4.8343,21.3007,0.1444,0,0.0819,0.3232,,,,0.6798,1.8356,1.3912,0.0,0.0,0.0801,,,,1.5829,0.5625,0.0,0.5145,,0.1508,0.48,44.7092,34.4456,40.3136,48.9422,35.833,0.5145,1.748,0.4375,2.7486,0.0327,,0.0094,0.8676,0.2503,4.6259,0.3509,,,0.0174,111.7145,3.2225,,22.4799,21.0938,0.0488,0.3864,0.0739,44.8088,44.8088,44.8088,49.896,44.8088,,,0.0222,0.3031,0.6393,0.1055,0.598,0.3202,0.6698,0.1055,0.0774,0.4537,0.137,0.137,0.2579,0.0786,0.1692,9.1509,39.3389,40.5264,3.223,,0.9636,,,1.2417,0.137,,0.3097,,,0.7715,0.7715,0.6491,0.9035,4.4548,0.0077,,0.2822,1.212,0.168,0.4295,0.134,0.134,0.134,0.134,0.2141,0.134,,,,,,,,,,,,,0.3018,0.0249,-0.0238,,2.7967,,0.2533,1.6635,-0.2599,0.6381,,4.2006,,4.4129,4.7031,10.4024,10.4024,-0.8538,10.4024,28.8724,60.7451,55.7144,55.7144,9.5699,55.7144,82.5229,84.4178,78.7331,36.582,,,,,,,,,,,6.5224,,8427854,5309184.1667,3987224.375,210.8762,281.0236,356.5708,392.9131,692431.2411,2085592.9086,4958835.069,4292711.5108,2207118.6022,8001705.6173,2786323.335,0.0,1.7342,,137112.7062,6526364.9612,6526364.9612,132872.6743,1679679353.66,-17.7455,-2.9526,-3.9395,316.1455,2762.8708,-6.2842,,-8.733,-11.6439,0.4021,0.0444,,,24,72,96,2.4498,4.5501,0.6742,0.8371,0.1629,,,-1.1485,-0.0367,-0.0314,0.0514,0.0217,74.3664,1.7978,1.7815,2.4691,3.0173,-80.5555,22.9249,11.6259,,13.25,,43.4856,38.9355,5.9683,47.581,0.9618,53.457,52.7246,0.9058,,,,393.9488,8.3422,6.5132,10.4232,0.079,89.9945,151.7671,,,0.0
8,603197.XSHG,603197,2017-06-02,75.748,4.7526,0.1122,74.4679,4.8343,21.3007,0.1444,0,0.0819,0.3232,,,,0.6798,1.8356,1.3912,0.0,0.0,0.1205,,,,1.5829,0.5625,0.0,0.5145,,0.1508,0.48,45.3802,34.6763,41.0837,48.7615,36.245,0.5145,1.748,0.4375,2.7486,0.0334,,0.0094,0.8676,0.2503,4.6259,0.3509,,,0.0174,111.7145,3.2225,,22.458,21.0719,0.0488,0.3864,0.0739,45.2078,45.2078,45.2078,50.812,45.2078,,,0.0227,0.3031,0.6393,0.1055,0.598,0.3202,0.6698,0.1055,0.0774,0.4537,0.137,0.137,0.2579,0.0786,0.1692,8.9529,38.4881,39.6499,3.1533,,0.9636,,,1.1045,0.137,,0.3097,,,0.7497,0.7497,0.6491,0.9035,4.4548,0.0077,,0.2822,1.212,0.168,0.4295,0.1515,0.1515,0.1515,0.1515,0.272,0.1515,,,,,,,,,,,,,0.3084,0.0255,-0.0238,,2.7967,,0.4066,1.4191,-0.4447,0.5253,,3.4486,,4.355,4.4879,7.0612,7.0612,-4.7469,7.0612,30.1097,60.3059,22.8758,22.8758,-89.1881,22.8758,75.3251,81.3869,63.2015,21.4859,,,,,,,,,,,5.2703,,-114705,5284167.3333,3531454.4444,232.2487,348.1628,339.6483,369.0632,1007969.7365,2270123.7179,5610421.2383,4946534.2014,2676410.4835,8181990.0782,2524307.9628,0.0,0.9943,,86468.2914,6296039.5362,6296039.5362,76530.5547,2085393955.77,-10.1022,-3.747,-5.6247,318.6099,2869.1659,-5.0479,,-25.1012,-37.6518,0.3565,0.163,,,24,68,92,2.8809,4.6052,0.4446,0.7223,0.2777,,,-0.1848,-0.0677,-0.0506,0.0426,0.0237,72.5644,1.6596,1.4472,0.8189,2.3515,14.993,21.9779,9.0247,,8.56,,44.2417,39.6365,5.3272,47.7522,0.9866,52.6339,50.2165,0.934,,,,205.587,10.8371,1.7856,4.8256,0.0628,88.048,151.7671,,,0.5
9,603197.XSHG,603197,2017-06-05,75.748,4.7526,0.1122,74.4679,4.8343,21.3007,0.1444,0,0.0819,0.3232,,,,0.6798,1.8356,1.3912,0.0,0.0,0.1638,,,,1.5829,0.5625,0.0,0.5145,,0.1508,0.48,45.6529,34.878,41.6357,48.1343,36.5937,0.5145,1.748,0.4375,2.7486,0.0345,,0.0094,0.8676,0.2503,4.6259,0.3509,,,0.0174,111.7145,3.2225,,22.4261,21.04,0.0488,0.3864,0.0739,45.375,45.375,45.375,50.548,45.375,,,0.0234,0.3031,0.6393,0.1055,0.598,0.3202,0.6698,0.1055,0.0774,0.4537,0.137,0.137,0.2579,0.0786,0.1692,8.6718,37.2793,38.4047,3.0542,,0.9636,,,0.9726,0.137,,0.3097,,,0.7178,0.7178,0.6491,0.9035,4.4548,0.0077,,0.2822,1.212,0.168,0.4295,0.1654,0.1654,0.1654,0.1654,0.3292,0.1654,,,,,,,,,,,,,0.3182,0.0263,-0.0238,,2.7967,,0.3013,1.2542,-0.5409,0.4509,,2.5498,,4.2667,4.2228,3.3168,3.3168,-7.2565,3.3168,31.1011,59.6489,27.1905,27.1905,-74.4482,27.1905,66.2952,76.3563,46.173,6.9831,,,,0.0,7.1369,0.0,0.6128,,,,3.8784,,-8603495,3831102.3333,2317959.5,250.4763,416.6697,325.3699,328.1704,1283283.6927,2384539.5176,6133761.0132,5491496.632,3106957.1144,8284256.7188,2202511.6498,0.0,0.6982,,10577.8576,6072703.787,6072703.787,89499.3095,2492855875.77,-18.1141,-5.1837,-8.6466,318.7843,2901.9629,-6.6325,,-16.2165,-27.0276,0.4776,0.1479,,,24,64,88,3.1996,4.4745,0.4714,0.7357,0.2643,28.73,,-0.2666,-0.1134,-0.0746,0.0321,0.0243,63.8872,1.5078,1.004,-0.7417,1.8014,-76.8687,21.3632,9.7174,,1.12,,44.6476,40.1731,4.4612,47.2892,1.0087,51.1737,47.8572,0.9679,,,,227.5178,12.962,2.5962,6.1562,0.0759,85.2829,151.7671,,,0.3333
10,603197.XSHG,603197,2017-06-06,75.748,4.7526,0.1122,74.4679,4.8343,21.3007,0.1444,0,0.0819,0.3232,,,,0.6798,1.8356,1.3912,0.0177,0.0,0.1911,,,,1.5829,0.5625,0.0,0.5145,,0.1508,0.48,45.4233,35.0352,41.898,46.8862,36.8493,0.5145,1.748,0.4375,2.7486,0.0365,,0.0094,0.8676,0.2503,4.6259,0.3509,,,0.0174,111.7145,3.2225,,22.3716,20.9854,0.0488,0.3864,0.0739,46.521,45.2855,45.2855,48.822,45.2855,,,0.0247,0.3031,0.6393,0.1055,0.598,0.3202,0.6698,0.1055,0.0774,0.4537,0.137,0.137,0.2579,0.0786,0.1692,8.2112,35.2993,36.3648,2.892,,0.9636,1.348,,0.8372,0.137,,0.3097,,,0.6632,0.6632,0.6491,0.9035,4.4548,0.0077,,0.2822,1.212,0.168,0.4295,0.1948,0.1771,0.1771,0.1771,0.3682,0.1771,,,,,,,,,,,,,0.3357,0.0277,-0.0238,,2.7967,,0.1187,1.1324,-0.5078,0.4095,,1.4764,,4.228,4.1249,-4.5807,-1.9775,-9.0779,-1.9775,31.7311,58.8398,-35.8371,-14.4254,-104.2228,-14.4254,52.4039,68.3722,20.4673,-7.9046,,,,0.0,6.944,0.0,0.2582,,,,2.4388,,-17239801,920273.6667,539981.2727,262.534,479.6357,311.2527,263.2886,1518381.9431,2458774.9445,6588769.1926,5975313.4578,3516538.5133,8401606.4792,1880786.0028,0.0,0.5359,,7731.5372,5921640.1053,5873577.9248,42224.5934,2875271505.45,-16.9508,-6.2535,-11.4764,320.231,2825.5893,-6.3076,,-25.9221,-47.5239,0.0861,0.1476,,,24,60,84,3.3842,4.1224,0.2994,0.6497,0.3503,11.46,,-0.4587,-0.1917,-0.113,0.0207,0.0234,58.1153,1.4086,0.7145,-1.9569,1.3063,-99.811,18.2393,12.8841,,-5.75,,44.6079,40.4855,3.5876,46.6623,1.0512,48.895,45.0407,1.048,,,,157.8976,14.7232,-1.2132,1.2368,0.0552,85.2829,143.7061,,,0.3333
11,603197.XSHG,603197,2017-06-07,75.748,4.7526,0.1122,74.4679,4.8343,21.3007,0.1444,0,0.0819,0.3232,,,,0.6798,1.8356,1.3912,0.0367,0.0,0.1218,,,,1.5829,0.5625,0.0273,0.5145,,0.1508,0.48,45.4627,35.2105,42.2544,46.4708,37.1376,0.5145,1.748,0.4375,2.7486,0.0355,,0.0094,0.8676,0.2503,4.6259,0.3509,,,0.0174,111.7145,3.2225,,22.3993,21.0132,0.0488,0.3864,0.0739,47.463,45.315,45.315,46.956,45.315,,,0.024,0.3031,0.6393,0.1055,0.598,0.3202,0.6698,0.1055,0.0774,0.4537,0.137,0.137,0.2579,0.0786,0.1692,8.4424,36.2933,37.3889,2.9734,0.6667,0.9636,1.2601,,0.8303,0.137,,0.3097,,75.9162,0.691,0.691,0.6491,0.9035,4.4548,0.0077,,0.2822,1.212,0.168,0.4295,0.2209,0.1842,0.1842,0.1842,0.306,0.1842,,,,,,,,,,,,,0.3267,0.027,-0.0238,,2.7967,,0.3834,1.0469,-0.5391,0.3743,,0.8244,,4.0673,3.6492,-3.8409,0.7172,-2.8026,0.7172,32.3898,58.2402,-44.7164,-2.1416,-65.6028,-2.1416,40.6801,59.1415,3.7573,-13.9193,,,,0.5916,6.0181,8.9505,0.2064,,,,1.8564,,-9586223,-1201550.1667,-303869.0833,269.5793,511.6827,297.7696,224.7187,1696809.9785,2410522.1201,6782370.7939,6233508.0028,3822985.8827,8152263.6528,1427424.2832,0.0,0.7419,,162.1493,5588808.2908,5645331.4684,56831.6869,3221927564.99,-13.7151,-6.8753,-13.8157,300.5132,2719.42,-4.5718,,-21.3647,-42.7294,0.211,0.1395,,,24,56,80,3.4872,3.8994,0.3142,0.6571,0.3429,9.42,,0.2155,-0.2044,-0.0832,0.0125,0.022,54.8845,1.3334,0.6258,-1.8117,1.0185,10.1684,15.6568,6.2845,,-8.82,,44.7667,40.8673,2.4508,46.1396,1.0109,47.8139,44.7811,1.0399,,,,166.5226,16.2721,-0.527,1.933,0.0539,87.6844,143.7061,1.386,,0.3333
12,603197.XSHG,603197,2017-06-08,75.748,4.7526,0.1122,74.4679,4.8343,21.3007,0.1444,0,0.0819,0.3232,,,,0.6798,1.8356,1.3912,0.0559,0.0,0.0844,,,,1.5829,0.5625,0.0443,0.5145,,0.1508,0.48,45.1622,35.3526,42.4026,45.5839,37.3563,0.5145,1.748,0.4375,2.7486,0.037,,0.0094,0.8676,0.2503,4.6259,0.3509,,,0.0174,111.7145,3.2225,,22.3584,20.9723,0.0488,0.3864,0.0739,47.86,45.1992,45.1992,45.824,45.1992,,,0.025,0.3031,0.6393,0.1055,0.598,0.3202,0.6698,0.1055,0.0774,0.4537,0.137,0.137,0.2579,0.0786,0.1692,8.1039,34.838,35.8897,2.8542,0.5833,0.9636,1.0996,,0.8856,0.137,,0.3097,,65.2381,0.65,0.65,0.6491,0.9035,4.4548,0.0077,,0.2822,1.212,0.168,0.4295,0.2427,0.1868,0.1868,0.1868,0.2712,0.1868,,,,,,,,,,,,,0.34,0.0281,-0.0238,,2.7967,,0.1198,0.9897,-0.486,0.3555,,0.0752,,3.905,3.2123,-8.4622,-3.0735,-4.3951,-3.0735,32.7961,57.6023,-82.8756,-15.3087,-70.7357,-15.3087,28.8825,49.0552,-11.4629,-20.302,,,,0.5127,5.724,8.2207,0.0906,,,,1.1618,,-15962751,-7179853.5,-1508398.4615,270.6174,402.3722,285.1173,100.5121,1806122.7685,2243373.9287,6708581.195,6255511.0793,4012137.1506,7560351.7685,874502.3204,7.67,0.6332,37054.9237,-61.9592,5113793.2495,5411882.3192,25293.8167,3504237714.65,-18.2143,-7.7475,-15.807,273.6863,2547.711,-4.8776,,-21.1828,-59.7415,0.2015,0.0316,,,24,52,76,3.4966,3.5342,0.2882,0.6441,0.3559,3.97,,-0.2557,-0.3498,-0.0975,0.0053,0.0199,46.8407,1.1878,0.6619,-1.1163,0.3976,-69.5511,14.5119,6.3397,,-12.6,,44.6195,41.0853,2.7684,45.6165,1.0412,46.1858,43.535,1.0924,,,,155.1107,17.6397,-0.8103,1.1597,0.045,84.1686,143.7061,1.2096,,0.3333
13,603197.XSHG,603197,2017-06-09,75.748,4.7526,0.1122,74.4679,4.8343,21.3007,0.1444,0,0.0819,0.3232,,,,0.6798,1.8356,1.3912,0.0736,0.0,0.0602,,,,1.5829,0.5625,0.0423,0.5145,,0.1508,0.48,45.0436,35.504,42.6033,45.2259,37.5909,0.5145,1.748,0.4375,2.7486,0.0364,,0.0094,0.8676,0.2503,4.6259,0.3509,,,0.0174,111.7145,3.2225,,22.3743,20.9881,0.0488,0.3864,0.0739,47.929,45.15,45.15,45.046,45.15,,49.84,0.0246,0.3031,0.6393,0.1055,0.598,0.3202,0.6698,0.1055,0.0774,0.4537,0.137,0.137,0.2579,0.0786,0.1692,8.2334,35.3947,36.4632,2.8998,0.5833,0.9636,1.0157,,0.9196,0.137,,0.3097,,62.5189,0.6659,0.6659,0.6491,0.9035,4.4548,0.0077,,0.2822,1.212,0.168,0.4295,0.2586,0.185,0.185,0.185,0.2452,0.185,,,,,,,,,,,,,0.3348,0.0277,-0.0238,,2.7967,,0.2912,0.9607,-0.4699,0.3398,,-0.3726,,3.7415,2.8031,-7.1335,-1.4175,-1.1899,-1.4175,33.2278,57.0722,-85.5151,-15.5747,-57.1096,-15.5747,22.5405,40.217,-12.8125,-10.0263,,,,0.9426,4.9608,15.9671,0.0155,,,,0.9005,,-11225440,-10455402.5,-2202472.8571,266.2669,340.1212,274.4151,79.5941,1836115.8357,1956088.1043,6350168.4323,6021941.8363,4065853.732,6619338.179,239944.5372,14.2568,0.7421,56525.759,-58.7314,4587882.0672,5203234.3328,-25325.7961,3713800562.25,-16.0319,-8.3393,-15.5214,245.1576,2571.1917,-3.8649,,-20.7567,-36.7884,0.1941,0.0565,,,24,48,72,3.4501,3.2638,0.2736,0.6368,0.3632,0.69,,0.0757,-0.1458,-0.0912,0.0008,0.0178,48.0148,1.0152,0.6287,-0.7831,-0.1228,-3.3393,14.3408,4.553,,-5.8,,44.6027,41.3389,2.3932,45.5802,1.024,45.3706,43.6357,1.0768,,,,147.9907,18.8754,-1.146,0.634,0.04,85.5135,143.7061,1.1172,,0.3333
14,603197.XSHG,603197,2017-06-12,75.748,4.7526,0.1122,74.4679,4.8343,21.3007,0.1444,0,0.0819,0.3232,,,,0.6798,1.8356,1.3912,0.0916,0.0,0.0386,,,,1.5829,0.5625,0.0443,0.5145,,0.1508,0.48,44.4393,35.6067,42.5192,44.0573,37.7263,0.5145,1.748,0.4375,2.7486,0.0388,,0.0094,0.8676,0.2503,4.6259,0.3509,,,0.0174,111.7145,3.2225,,22.3095,20.9234,0.0488,0.3864,0.0739,47.281,44.9213,44.9213,44.014,44.9213,,47.0142,0.0262,0.3031,0.6393,0.1055,0.598,0.3202,0.6698,0.1055,0.0774,0.4537,0.137,0.137,0.2579,0.0786,0.1692,7.7173,33.1761,34.1776,2.718,0.5,0.9636,0.8656,,0.8899,0.137,,0.3097,,52.912,0.6011,0.6011,0.6491,0.9035,4.4548,0.0077,,0.2822,1.212,0.168,0.4295,0.2762,0.1846,0.1846,0.1846,0.2232,0.1846,,,,,,,,,,,,,0.3567,0.0295,-0.0238,,2.7967,,0.0,0.9274,-0.3462,0.3364,,-1.0528,,3.66,2.8965,-11.7616,-7.1265,-5.212,-7.1265,33.2971,56.5456,-102.2474,-43.7976,-166.6667,-43.7976,15.696,32.0433,-16.9986,-13.8017,,,,0.8169,4.8615,14.3861,-0.1344,,,,0.2214,,-16499533,-13186207.1667,-3155610.2,263.4492,310.25,264.6581,84.6449,1819199.715,1751535.2322,6154518.3537,5906888.1692,4155352.937,6170923.1193,-135328.9656,19.9651,0.6619,53346.4228,-38.261,3892849.4316,5014095.5806,-90221.8254,3936384867.16,-19.6222,-9.0914,-17.1081,195.2159,2456.5918,-4.2416,,-25.5309,-21.9204,0.172,0.1229,,,24,44,68,3.3184,2.792,0.1628,0.5814,0.4186,-6.48,,-0.3306,-0.1701,-0.1189,-0.0041,0.0152,47.9137,0.8041,0.4043,-0.7791,-0.644,-36.3332,15.7668,4.5493,,-7.52,,44.1592,41.3672,2.1184,44.9572,1.0776,43.549,41.8673,1.1333,,,,131.3018,20.0551,-2.5994,-0.4694,0.0511,85.5135,134.6982,0.9521,,0.3333
15,603197.XSHG,603197,2017-06-13,75.748,4.7526,0.1122,74.4679,4.8343,21.3007,0.1444,0,0.0819,0.3232,,,,0.6798,1.8356,1.3912,0.0976,0.0,0.0075,,,,1.5829,0.5625,0.0423,0.5145,,0.1508,0.48,44.0358,35.716,42.4907,43.4448,37.8736,0.5145,1.748,0.4375,2.7486,0.0383,,0.0094,0.8676,0.2503,4.6259,0.3509,,,0.0174,111.7145,3.2225,,22.3214,20.9353,0.0488,0.3864,0.0739,46.201,44.7525,44.7525,43.58,44.7525,,48.917,0.0259,0.3031,0.6393,0.1055,0.598,0.3202,0.6698,0.1055,0.0774,0.4537,0.137,0.137,0.2579,0.0786,0.1692,7.8098,33.5737,34.5872,2.7506,0.5,0.9636,0.7963,,0.9511,0.137,,0.3097,,47.2222,0.6131,0.6131,0.6491,0.9035,4.4548,0.0077,,0.2822,1.212,0.168,0.4295,0.2781,0.1805,0.1805,0.1805,0.188,0.1805,,,,,,,,,,,,,0.3525,0.0291,-0.0238,,2.7967,,0.1884,0.921,-0.2533,0.3273,,-1.4206,,3.328,2.4032,-8.6167,-5.6589,-3.1207,-5.6589,33.4415,56.0635,-86.1231,-41.0025,-80.8772,-41.0025,12.7973,25.628,-12.8641,-9.9403,,,,1.2357,4.2133,22.6776,-0.2037,,,,-0.15,,-13025432,-13923196.6667,-3772474.0625,256.1767,265.6774,257.3335,89.0521,1740904.4499,1427723.3895,5667169.7439,5532613.2201,4104889.8306,5271982.4129,-626362.1208,24.898,0.7331,4269.9933,-59.0742,3814213.0978,4868103.3131,-108997.7304,4083293018.11,-20.2317,-9.7877,-17.461,148.3701,93.2753,-4.2041,,-25.8239,-33.2282,0.1639,0.1171,16.6548,,24,40,64,3.1409,2.4306,0.0682,0.5341,0.4659,-10.8,,0.0416,-0.1187,-0.1161,-0.0074,0.0127,42.8282,0.5599,-0.0593,-0.626,-0.9782,-13.74,17.3532,5.516,,-3.56,,43.8609,41.4303,1.504,44.555,1.0553,42.5688,41.5899,1.0943,,,,129.4177,21.1102,-1.9781,-0.8381,0.027,86.5384,134.6982,0.8759,,0.3333
16,603197.XSHG,603197,2017-06-14,75.748,4.7526,0.1122,74.4679,4.8343,21.3007,0.1444,0,0.0819,0.3232,,,,0.6798,1.8356,1.3912,0.0553,0.0,-0.0192,,,,1.5829,0.5625,0.0404,0.5145,,0.1508,0.48,43.7348,35.8262,42.4801,43.0899,38.0213,0.5145,1.748,0.4375,2.7486,0.0382,,0.0094,0.8676,0.2503,4.6259,0.3509,,,0.0174,111.7145,3.2225,,22.3252,20.9391,0.0488,0.3864,0.0739,44.942,44.6129,44.6129,42.928,44.6129,,47.3866,0.0258,0.3031,0.6393,0.1055,0.598,0.3202,0.6698,0.1055,0.0774,0.4537,0.137,0.137,0.2579,0.0786,0.1692,7.8394,33.7009,34.7182,2.761,0.5,0.9636,0.771,,0.9286,0.137,,0.3097,,38.1611,0.6168,0.6168,0.6491,0.9035,4.4548,0.0077,,0.2822,1.212,0.168,0.4295,0.2315,0.1762,0.1762,0.1762,0.157,0.1762,,,,,,,,,,,,,0.3512,0.029,-0.0238,,2.7967,,0.1788,0.9195,-0.1747,0.318,,-1.6138,,3.0376,2.0451,-5.7007,-5.0051,-1.2766,-5.0051,33.6008,55.6251,-87.4178,-41.3612,-58.6681,-41.3612,12.2518,21.1693,-5.5832,-4.528,,,,1.4232,3.6515,28.045,-0.229,,,,-0.2752,,-9909660,-12701506.5,-4133485.0,248.8319,223.7114,250.9957,81.6667,1618557.4901,1129169.6508,5203279.245,5160791.4939,4031621.8431,4553245.6086,-978775.6786,29.23,0.7969,2725.4307,-63.9224,2651557.6394,4742807.9669,-137590.4941,4214705895.17,-18.579,-10.3048,-17.7324,106.8738,1023.2571,-3.2806,103.2543,-26.4698,-14.239,0.1556,0.1551,14.4556,,24,36,60,2.9392,2.1323,-0.0426,0.4787,0.5213,-12.59,,0.0118,-0.0403,-0.116,-0.0089,0.0104,47.6124,0.3023,-0.5209,-0.6817,-1.096,8.2123,10.4619,4.2693,,-0.19,,43.633,41.5007,1.3504,44.1376,1.0415,42.0226,41.74,1.0605,,,,126.5652,22.0856,-2.0355,-0.8855,0.0271,86.8664,134.6982,0.7993,,0.5
17,603197.XSHG,603197,2017-06-15,75.748,4.7526,0.1122,74.4679,4.8343,21.3007,0.1444,0,0.0819,0.3232,,,,0.6798,1.8356,1.3912,0.0326,0.0,-0.0314,,,,1.5829,0.5625,0.0384,0.5145,,0.1508,0.48,43.6393,35.9482,42.5496,43.1299,38.1915,0.5145,1.748,0.4375,2.7486,0.0375,,0.0094,0.8676,0.2503,4.6259,0.3509,,,0.0174,111.7145,3.2225,,22.3446,20.9585,0.0488,0.3864,0.0739,44.316,44.535,44.535,42.808,44.535,,49.6044,0.0253,0.3031,0.6393,0.1055,0.598,0.3202,0.6698,0.1055,0.0774,0.4537,0.137,0.137,0.2579,0.0786,0.1692,7.9929,34.3609,35.3982,2.8151,0.5,0.9636,0.8735,,0.9863,0.137,,0.3097,,26.1778,0.6362,0.6362,0.6491,0.9035,4.4548,0.0077,,0.2822,1.212,0.168,0.4295,0.2073,0.1747,0.1747,0.1747,0.1433,0.1747,,,,,,,,,,,,,0.3446,0.0285,-0.0238,,2.7967,,0.2577,0.9003,-0.1298,0.3088,,-1.5976,,2.8419,1.9094,-2.4957,-2.9752,0.9391,-2.9752,33.8312,55.2388,-52.1293,-25.7016,30.0776,-25.7016,14.9759,19.1048,6.7181,-5.3243,,,,1.5194,3.1646,32.4381,-0.1265,,,,-0.6689,,-5528586,-12025233.6667,-4210990.6111,245.5734,197.5617,243.8937,55.0452,1491511.5457,983327.7683,5053787.3823,5040834.9564,4057507.1881,4495855.0724,-1016367.5548,30.9757,0.8867,50.06,-42.7578,2157153.7923,4604841.8249,-125795.6152,4403617806.05,-17.8256,-10.7227,-18.4175,71.6261,-291.9182,-2.3649,21.9685,-23.9101,-13.0609,0.4256,0.1437,19.1304,,24,32,56,2.7394,1.9406,-0.1436,0.4282,0.5718,-6.26,,0.0858,-0.0619,-0.1332,-0.0086,0.0084,48.4876,0.0846,-0.7932,-0.254,-0.922,21.8076,9.4275,4.4089,,-1.02,,43.5679,41.6273,1.028,43.9367,1.0168,42.0808,42.5145,1.0256,,,,133.5284,23.0473,-1.199,0.371,0.0363,86.8664,137.3362,0.7861,,0.5
18,603197.XSHG,603197,2017-06-16,75.748,4.7526,0.1122,74.4679,4.8343,21.3007,0.1444,0,0.0819,0.3232,,,,0.6798,1.8356,1.3912,0.0169,0.0,-0.041,,,,1.5829,0.5625,0.0365,0.5145,,0.1508,0.48,43.4395,36.0572,42.5487,42.9333,38.334,0.5145,1.748,0.4375,2.7486,0.0381,,0.0094,0.8676,0.2503,4.6259,0.3509,,,0.0174,111.7145,3.2225,,22.329,20.9429,0.0488,0.3864,0.0739,43.73,44.43,44.43,42.414,44.43,,48.2741,0.0257,0.3031,0.6393,0.1055,0.598,0.3202,0.6698,0.1055,0.0774,0.4537,0.137,0.137,0.2579,0.0786,0.1692,7.869,33.8281,34.8493,2.7715,0.4167,0.9636,0.8789,,0.9557,0.137,,0.3097,,17.8146,0.6206,0.6206,0.6491,0.9035,4.4548,0.0077,,0.2822,1.212,0.168,0.4295,0.1873,0.1704,0.1704,0.1704,0.1294,0.1704,,,,,,,,,,,,,0.35,0.0289,-0.0238,,2.7967,,0.1444,0.904,-0.0671,0.3043,,-1.6392,,2.603,1.6639,-2.7212,-4.2539,0.2971,-4.2539,33.9876,54.8724,-54.4559,-31.1816,48.0993,-31.1816,17.7639,18.6578,15.9761,-2.8989,,,,1.3168,2.9624,30.7721,-0.1211,,,,-1.635,,-8230443,-10736515.6667,-4422540.7368,238.7154,169.5944,238.8997,44.5329,1337989.9442,723903.5383,4626163.6764,4680992.1939,3957088.6556,3897855.7149,-1228172.8118,20.0472,0.8402,-83.8814,-57.6281,2202928.3453,4509209.8121,-131387.0933,4519140205.18,-19.4982,-11.1845,-18.6314,42.3864,-532.3325,-2.3075,-6.13,-24.493,-11.2543,0.4027,0.136,23.1808,,24,28,52,2.5345,1.7149,-0.3522,0.3239,0.6761,-5.86,,-0.0419,-0.0263,-0.188,-0.008,0.0067,42.2148,-0.0874,-0.89,-0.1491,-0.6166,0.5801,7.5016,2.1556,,-0.04,,43.4098,41.6949,0.946,43.6252,1.0255,41.8656,42.4585,1.028,,,,131.0011,23.9537,-1.0134,0.0366,0.0247,85.5195,137.3362,0.8599,,0.6
19,603197.XSHG,603197,2017-06-19,75.748,4.7526,0.1122,74.4679,4.8343,21.3007,0.1444,0,0.0819,0.3232,,,,0.6798,1.8356,1.3912,-0.0006,0.0,-0.0597,,,,1.5829,0.5625,0.0319,0.5145,,0.1508,0.48,43.2832,36.165,42.5517,42.8155,38.4732,0.5145,1.748,0.4375,2.7486,0.038,,0.0094,0.8676,0.2503,4.6259,0.3509,,,0.0174,111.7145,3.2225,,22.3299,20.9438,0.0488,0.3864,0.0739,43.3,44.3375,44.3375,42.586,44.3375,,45.6721,0.0257,0.3031,0.6393,0.1055,0.598,0.3202,0.6698,0.1055,0.0774,0.4537,0.137,0.137,0.2579,0.0786,0.1692,7.8764,33.8599,34.8821,2.7741,0.5,0.9636,0.9083,,1.0206,0.137,,0.3097,,25.1264,0.6215,0.6215,0.6491,0.9035,4.4548,0.0077,,0.2822,1.212,0.168,0.4295,0.1642,0.1648,0.1648,0.1648,0.1051,0.1648,,2.0,,0.0,0.0321,,0.0,,,,0.2089,,0.3496,0.0289,-0.0238,,2.7967,,0.1829,0.9224,-0.0102,0.2997,,-1.6206,,2.3399,1.3685,-1.6628,-3.9639,-0.0141,-3.9639,34.14,54.535,-58.9138,-35.7806,-23.6635,-35.7806,19.8909,19.0688,21.5351,-4.3361,,,,1.3075,2.5674,33.7428,-0.0917,,,,-3.0888,,-6516487,-9951690.1667,-4527238.05,230.4132,146.7544,235.4735,53.9829,1157110.8366,433594.406,4096671.3716,4224525.0871,3790930.6811,3169889.1433,-1447032.8612,11.0707,0.8735,-85.069,-63.8201,2217853.6037,4449575.2931,-141991.3458,4591897637.38,-18.4372,-11.5472,-19.0323,18.1475,-266.8441,-1.7367,-30.1297,-25.7533,-11.6587,0.3882,0.1311,26.6912,,24,24,48,2.3319,1.5216,-0.6726,0.1637,0.8363,-4.3,-2.075,0.0016,-0.0386,-0.0922,-0.0071,0.0052,44.4813,-0.2429,-0.7984,0.174,-0.4727,1.8489,5.7453,1.6413,,-0.83,19.97,43.2821,41.7605,0.4884,43.3948,1.0191,41.7864,42.5,1.0169,,,,127.1673,24.7841,-1.1729,-0.5429,0.0148,85.5999,137.3362,0.8798,,0.5
20,603197.XSHG,603197,2017-06-20,75.748,4.7526,0.1122,74.4679,4.8343,21.3007,0.1444,0,0.0819,0.3232,,,,0.6798,1.8356,1.3912,-0.0051,0.0086,-0.0257,,,,1.5829,0.5625,0.0365,0.5145,,0.1508,0.48,43.9299,36.3415,42.9601,44.157,38.7476,0.5145,1.748,0.4375,2.7486,0.0346,,0.0094,0.8676,0.2503,4.6259,0.3509,,,0.0174,111.7145,3.2225,,22.4253,21.0392,0.0488,0.3864,0.0739,43.545,44.4567,45.033,43.51,44.4567,,38.8266,0.0234,0.3031,0.6393,0.1055,0.598,0.3202,0.6698,0.1055,0.0774,0.4537,0.137,0.137,0.2579,0.0786,0.1692,8.6644,37.2475,38.3719,3.0516,0.5833,0.9636,1.0552,1.4224,1.1094,0.137,,0.3097,,45.4225,0.7169,0.7169,0.6491,0.9035,4.4548,0.0077,,0.2822,1.212,0.168,0.4295,0.1674,0.1725,0.1811,0.1725,0.1468,0.1725,,2.0,,0.0,0.0292,,0.0,,,,0.2089,,0.3185,0.0263,-0.0238,,2.7967,,0.6464,0.8335,0.5084,0.2064,,-1.0226,,2.5959,2.1946,7.5669,4.0126,7.6534,5.3609,36.3224,53.7436,126.1165,9.6695,166.6667,19.592,46.5939,28.2438,83.2941,12.2723,42.2411,,,1.3543,2.2251,37.836,0.0523,15.87,29.78,30.471,-4.1057,,3065457,-6690858.5,-4374823.3,252.3492,182.6351,233.36,131.4941,1091458.4194,828848.7508,5093993.6677,5048743.3814,4219894.6306,5307240.7622,-525219.3372,8.3574,1.0595,12.1671,81.6795,2411038.9631,4419643.1116,-86319.0014,5027917801.17,-8.8553,-11.9903,-17.2378,2.9932,-371.4199,1.7035,-12.0176,-24.4352,16.4022,0.3546,0.1024,30.4905,,24,20,44,2.2041,1.6928,-0.3006,0.3497,0.6503,2.45,-2.976,0.9586,0.1763,0.0031,-0.0026,0.0045,55.0954,-0.3602,-0.5369,0.658,-0.1655,81.9258,7.7951,7.9714,,6.22,14.17,43.8295,42.1367,0.8824,43.9079,0.9374,43.7053,45.5426,0.9297,,,,143.5671,25.8755,-0.7468,3.0832,0.0818,85.5999,151.0763,0.9991,,0.5
21,603197.XSHG,603197,2017-06-21,75.748,4.7526,0.1122,74.4679,4.8343,21.3007,0.1444,0,0.0819,0.3232,,,,0.6798,1.8356,1.3912,-0.0033,0.0181,0.018,,,,1.5829,0.5625,0.0384,0.5145,,0.1508,0.48,45.3099,36.5923,43.7753,46.6113,39.1663,0.5145,1.748,0.4375,2.7486,0.0314,,0.0094,0.8676,0.2503,4.6259,0.3509,,,0.0174,111.7145,3.2225,,22.5205,21.1344,0.0488,0.3864,0.0739,44.133,44.7777,45.798,45.338,44.7777,,53.2077,0.0213,0.3031,0.6393,0.1055,0.598,0.3202,0.6698,0.1055,0.0774,0.4537,0.137,0.137,0.2579,0.0786,0.1692,9.5301,40.9691,42.2058,3.3565,0.6667,0.9636,1.1288,1.4224,1.2157,0.137,,0.3097,,61.4851,0.8121,0.8121,0.6491,0.9035,4.4548,0.0077,,0.2822,1.212,0.168,0.4295,0.1782,0.1815,0.1996,0.1815,0.1995,0.1815,,2.0,,0.0,0.0265,,0.0,,,,0.2089,,0.29,0.024,-0.0238,,2.7967,,0.9139,0.7529,0.8288,0.1864,,-0.0372,,2.8738,2.9047,16.738,12.494,13.6354,15.0573,37.6789,53.9171,247.6337,93.254,147.8497,99.6935,64.3959,40.2945,112.5987,22.0275,42.2419,,,1.5725,1.9284,44.917,0.1141,15.87,31.17,32.5255,-4.3456,,13890872,-2204807.8333,-3681556.1,279.306,248.0267,233.8512,193.3095,1118820.6668,1228269.6563,6136070.2736,5937462.092,4709192.4357,7146632.1748,218897.979,6.8846,1.2697,27.526,211.6033,2959613.2748,4399516.8523,18532.1909,5573215700.65,1.9701,-11.8922,-13.5375,-0.6581,1177.3348,6.4005,-2.0776,-2.6146,42.5112,0.3704,0.0802,35.0122,,24,16,40,2.1995,2.1809,0.1318,0.5659,0.4341,5.88,-3.33,1.0816,0.3496,0.1154,0.0059,0.005,72.9574,-0.4357,-0.1939,1.618,0.2636,79.2498,15.3593,13.7666,,10.4,15.56,45.0127,42.8318,2.0092,45.2207,0.8777,47.1315,50.1336,0.8566,,,,155.7335,27.074,3.2942,6.6542,0.0652,85.5999,166.171,1.1606,,0.5714
22,603197.XSHG,603197,2017-06-22,75.748,4.7526,0.1122,74.4679,4.8343,21.3007,0.1444,0,0.0819,0.3232,,,,0.6798,1.8356,1.3912,0.0162,0.0298,0.0884,,,,1.5829,0.5625,0.0404,0.5145,,0.1508,0.48,46.299,36.8263,44.4396,47.9909,39.5461,0.5145,1.748,0.4375,2.7486,0.0319,,0.0094,0.8676,0.2503,4.6259,0.3509,,,0.0174,111.7145,3.2225,,22.5055,21.1193,0.0488,0.3864,0.0739,44.827,45.0374,46.3435,46.846,45.0374,,67.6447,0.0217,0.3031,0.6393,0.1055,0.598,0.3202,0.6698,0.1055,0.0774,0.4537,0.137,0.137,0.2579,0.0786,0.1692,9.3876,40.3568,41.575,3.3064,0.6667,0.9636,1.1584,1.2738,1.1745,0.137,,0.3097,,67.2078,0.7971,0.7971,0.6491,0.9035,4.4548,0.0077,,0.2822,1.212,0.168,0.4295,0.2155,0.1993,0.2291,0.1993,0.2877,0.1993,,2.0,,0.0,0.029,,0.0,0.3963,,0.0,0.3007,0.4028,0.2944,0.0243,-0.0238,,2.7967,,0.5665,0.7255,0.7536,0.1477,,0.444,0.8254,3.1413,3.4691,13.213,9.5083,8.3337,12.6841,38.4469,54.2401,168.089,99.1126,92.9806,107.907,67.3126,49.3005,103.3368,19.7499,27.3845,10.22,58.52,1.3628,2.1568,38.7203,0.1367,16.64,27.55,24.6888,-4.5582,,-3408238,-1121237.5,-3853737.8,323.7558,374.3725,260.9633,312.662,1303782.3339,2043629.0021,8165713.8602,7685407.924,5641778.9219,10530791.4499,1479693.3364,9.2348,0.9505,100.3068,455.211,4847795.2393,4866769.004,192071.5471,6462285132.03,-5.1197,-12.1487,-11.2943,-2.1787,825.095,5.4842,22.906,12.3802,52.9984,1.2275,0.0636,42.3636,,24,12,36,2.255,2.477,0.1638,0.5819,0.4181,6.94,-3.033,-0.2585,0.3045,0.1321,0.0125,0.0059,64.444,-0.4237,0.1145,1.9686,0.5175,69.5184,14.6198,11.7445,,6.08,8.5,45.8953,43.4183,2.7096,46.4477,0.9152,49.0539,51.4226,0.8833,,,,155.3891,28.4339,3.6036,8.4836,0.0962,85.5999,163.6875,1.112,,0.5714
23,603197.XSHG,603197,2017-06-23,75.748,4.7526,0.1122,74.4679,4.8343,21.3007,0.1444,0,0.0819,0.3232,,,,0.6798,1.8356,1.3912,0.0348,0.0417,0.1501,,,,1.5829,0.5625,0.0423,0.5145,,0.1508,0.48,47.4701,37.0894,45.2301,49.5739,39.9787,0.5145,1.748,0.4375,2.7486,0.0307,,0.0094,0.8676,0.2503,4.6259,0.3509,,,0.0174,111.7145,3.2225,,22.5439,21.1578,0.0488,0.3864,0.0739,45.65,45.3583,46.7895,48.886,45.3583,,69.6296,0.0209,0.3031,0.6393,0.1055,0.598,0.3202,0.6698,0.1055,0.0774,0.4537,0.137,0.137,0.2579,0.0786,0.1692,9.7558,41.9393,43.2053,3.436,0.6667,0.9636,1.1849,1.2036,1.2398,0.137,,0.3097,,68.4703,0.8355,0.8355,0.6491,0.9035,4.4548,0.0077,,0.2822,1.212,0.168,0.4295,0.2447,0.2099,0.2516,0.2099,0.36,0.2099,,2.0,,0.0,0.0279,,0.0,0.3813,,0.0,0.3007,0.4028,0.2835,0.0234,-0.0238,,2.7967,,0.8171,0.6536,0.5182,0.125,,0.9354,0.7529,3.3665,3.8579,15.5312,12.7176,7.8836,16.2742,38.4955,55.0835,126.9123,100.5597,72.144,111.8319,73.9641,57.5217,106.8489,22.0551,20.356,10.97,44.39,1.7692,1.8692,48.6258,0.156,16.64,25.56,21.1374,-3.0809,,9873368,1445754.8333,-3365814.15,358.2882,458.3645,262.0455,320.8669,1510759.7542,2338669.4354,9095876.0674,8546361.4742,6207692.0388,11447729.6333,1655819.3624,10.9078,1.1435,73.5346,203.1587,5273956.9039,4815505.2655,380753.3111,7152411223.19,-0.8575,-12.1924,-8.4663,1.9959,148.4433,5.967,45.9949,8.3855,48.3288,8.0029,0.0514,49.8783,,24,8,32,2.3719,2.8396,0.4654,0.7327,0.2673,8.23,-2.279,0.5208,0.377,0.1576,0.0178,0.0072,65.5347,-0.3254,0.422,2.2911,0.8602,22.5701,15.6101,10.1573,,8.35,7.71,46.9484,44.1088,3.4552,47.5646,0.9019,51.1766,53.1168,0.8656,,,,139.438,29.8434,2.8388,7.6688,0.0916,88.9564,163.6875,1.2038,1.6016,0.5714
24,603197.XSHG,603197,2017-06-26,75.748,4.7526,0.1122,74.4679,4.8343,21.3007,0.1444,0,0.0819,0.3232,,,,0.6798,1.8356,1.3912,0.0506,0.0542,0.2143,,,,1.5829,0.5625,0.0443,0.5145,,0.1508,0.48,48.8246,37.3841,46.153,51.356,40.4686,0.5145,1.748,0.4375,2.7486,0.0295,,0.0094,0.8676,0.2503,4.6259,0.3509,,,0.0174,111.7145,3.2225,,22.5844,21.1983,0.0488,0.3864,0.0739,46.97,45.7408,47.1255,51.354,45.7408,,79.137,0.0201,0.3031,0.6393,0.1055,0.598,0.3202,0.6698,0.1055,0.0774,0.4537,0.137,0.137,0.2579,0.0786,0.1692,10.159,43.6728,44.9912,3.578,0.75,0.9636,1.3164,1.1394,1.2898,0.137,,0.3097,,78.3853,0.876,0.876,0.6491,0.9035,4.4548,0.0077,,0.2822,1.212,0.168,0.4295,0.2689,0.2183,0.2725,0.2183,0.4326,0.2183,,2.0,,0.0,0.0268,,0.0,0.3662,,0.0,0.3007,0.4028,0.2724,0.0225,-0.0238,,2.7967,,0.9411,0.5787,0.4894,0.1069,,1.4292,0.7539,3.5736,4.1614,16.9257,16.5399,6.944,20.0679,38.0804,56.1706,121.2629,127.226,110.6147,136.6604,78.1696,64.4043,105.7002,29.102,13.9419,10.97,44.57,2.2047,1.62,57.6437,0.2403,16.64,23.36,16.8,-1.4396,,22220334,6520884.3333,-2266056.0,391.5621,550.9517,257.0701,279.5558,1702331.1613,2468616.7898,9686983.3279,9131069.8628,6662453.073,11747475.0889,1532571.257,13.5473,1.3227,93.6315,356.9807,5463086.2089,4618196.7675,568153.6409,7822063394.66,1.0498,-12.1413,-5.0416,10.8089,472.0343,6.2289,61.746,24.4988,66.7904,7.0189,0.042,56.4026,,24,4,28,2.5506,3.2652,0.5088,0.7544,0.2456,13.2,-0.311,0.5104,0.4691,0.2214,0.0223,0.0088,65.1839,-0.1456,0.7245,2.2466,1.154,45.3434,16.8876,8.1017,,12.04,6.17,48.1748,44.9096,4.1672,48.8243,0.889,53.4927,55.1274,0.8552,,,,141.629,31.2519,4.1961,9.1161,0.0896,92.6334,163.6875,1.2339,1.5163,0.5714
25,603197.XSHG,603197,2017-06-27,75.748,4.7526,0.1122,74.4679,4.8343,21.3007,0.1444,0,0.0819,0.3232,,,,0.6798,1.8356,1.3912,0.0674,0.0614,0.2106,,,,1.5829,0.5625,0.0472,0.5145,,0.1508,0.48,49.7165,37.6543,46.8746,52.1473,40.9034,0.5145,1.748,0.4375,2.7486,0.0301,,0.0094,0.8676,0.2503,4.6259,0.3509,,,0.0174,111.7145,3.2225,,22.5625,21.1764,0.0488,0.3864,0.0739,48.121,46.0481,47.161,52.732,46.0481,,69.6156,0.0205,0.3031,0.6393,0.1055,0.598,0.3202,0.6698,0.1055,0.0774,0.4537,0.137,0.137,0.2579,0.0786,0.1692,9.9389,42.7265,44.0163,3.5005,0.6667,0.9636,1.2726,1.0134,1.1471,0.137,,0.3097,,72.9811,0.8541,0.8541,0.6491,0.9035,4.4548,0.0077,,0.2822,1.212,0.168,0.4295,0.2901,0.2227,0.2841,0.2227,0.4333,0.2227,,2.0,,0.0,0.0274,,0.0,0.3743,,0.0,0.3007,0.4028,0.2783,0.023,-0.0238,,2.7967,,0.7005,0.5378,0.4982,0.0924,,1.4654,0.7435,3.5385,3.9181,11.656,13.9289,1.8926,16.6823,38.0135,56.3085,91.3699,118.6294,76.4547,120.8373,78.1457,68.9848,96.4675,26.186,1.3391,10.97,42.76,1.9107,2.0897,47.7627,0.2142,17.83,18.54,1.9522,-0.2631,,12530943,9695456.0,-1796744.85,410.4091,627.4622,252.5763,159.5311,1827923.8741,2330294.7252,9687421.0865,9216965.4224,6886670.6972,11061447.0593,1004741.7022,16.4929,1.1593,104.5336,465.3232,5256783.6707,4473634.8339,614338.2769,8193919605.5,-4.4243,-12.3786,-2.7061,19.055,716.1108,4.028,75.6511,22.749,70.4426,6.1434,0.0368,62.0568,,20,4,24,2.7337,3.4664,0.591,0.7955,0.2045,11.51,1.92,-0.2099,0.4338,0.1976,0.0234,0.0102,61.7485,0.0879,0.9204,1.3326,1.356,41.6951,15.2376,4.8255,,8.94,-1.24,49.0294,45.563,3.7008,49.9117,0.9289,54.3872,54.8966,0.8956,106.7735,220.3534,-113.5799,125.0597,32.5435,4.2909,7.6009,0.0616,90.6262,163.6875,1.2879,1.3486,0.5714
26,603197.XSHG,603197,2017-06-28,75.748,4.7526,0.1122,74.4679,4.8343,21.3007,0.1444,0,0.0819,0.3232,,,,0.6798,1.8356,1.3912,0.0816,0.0445,0.1878,,,,1.5829,0.5625,0.0469,0.5145,,0.1508,0.48,50.1444,37.8926,47.3694,52.1215,41.2695,0.5145,1.748,0.4375,2.7486,0.0311,,0.0094,0.8676,0.2503,4.6259,0.3509,,,0.0174,111.7145,3.2225,,22.5311,21.145,0.0488,0.3864,0.0739,49.09,46.2711,47.016,52.842,46.2711,,68.0306,0.0211,0.3031,0.6393,0.1055,0.598,0.3202,0.6698,0.1055,0.0774,0.4537,0.137,0.137,0.2579,0.0786,0.1692,9.6318,41.4065,42.6564,3.3924,0.6667,0.9636,1.2286,0.9472,1.0107,0.137,,0.3097,,77.3376,0.8227,0.8227,0.6491,0.9035,4.4548,0.0077,,0.2822,1.212,0.168,0.4295,0.3057,0.2241,0.2686,0.2241,0.4119,0.2241,,2.0,,0.0,0.0282,,0.0,0.3862,,0.0,0.3007,0.4028,0.287,0.0237,-0.0238,,2.7967,,0.591,0.5097,0.435,0.0981,,1.1496,0.6668,3.4,3.5129,6.0705,10.7495,-1.461,12.5324,38.3083,55.7237,51.9659,91.9822,-36.8166,86.298,74.4235,70.7977,81.6751,11.1657,-5.2756,12.92,38.78,1.6559,2.4571,40.2602,0.1861,19.49,16.59,-8.0377,0.6125,,4849163,9992740.3333,-2549640.15,383.5871,621.3311,219.8602,168.6554,1869382.1727,2035215.3671,9322759.0708,8980783.0497,6945567.6826,9934891.3729,331666.3888,14.9039,1.0559,45.6512,-19.8307,4925626.2946,4008093.2432,579482.6332,7663920548.5,-6.86,-12.4082,-2.3736,25.7441,281.3948,1.9865,80.1518,19.0624,41.7528,5.5412,1.5626,61.2501,,16,4,20,2.8774,3.4522,0.4464,0.7232,0.2768,9.69,4.148,-0.2373,0.2345,0.2054,0.0209,0.0111,60.1882,0.3278,1.0282,0.3963,1.303,-44.1252,13.5182,4.5833,,3.02,-4.85,49.4972,46.045,2.6188,50.4168,0.9683,54.1049,53.379,0.9428,101.4281,171.5941,-70.166,97.533,33.7098,2.0322,4.4922,0.0472,87.8263,163.6875,1.2333,1.1883,0.5714
27,603197.XSHG,603197,2017-06-29,75.748,4.7526,0.1122,74.4679,4.8343,21.3007,0.1444,0,0.0819,0.3232,,,,0.6798,1.8356,1.3912,0.0902,0.0363,0.1176,,,,1.5829,0.5625,0.0456,0.5145,,0.1508,0.48,50.6673,38.1426,47.9075,52.421,41.6548,0.5145,1.748,0.4375,2.7486,0.0305,,0.0094,0.8676,0.2503,4.6259,0.3509,,,0.0174,111.7145,3.2225,,22.5492,21.1631,0.0488,0.3864,0.0739,50.071,46.5121,47.1935,53.296,46.5121,,72.8958,0.0208,0.3031,0.6393,0.1055,0.598,0.3202,0.6698,0.1055,0.0774,0.4537,0.137,0.137,0.2579,0.0786,0.1692,9.8075,42.1619,43.4347,3.4542,0.6667,0.9636,1.227,1.0718,1.0447,0.137,,0.3097,,77.8638,0.4763,0.4763,0.6491,0.9035,4.4548,0.0077,,0.2822,1.212,0.168,0.4295,0.315,0.2248,0.2611,0.2248,0.3424,0.2248,,2.0,,0.0,0.0277,,0.0,0.3793,,0.0,0.3007,0.4028,0.282,0.0233,-0.0238,,2.7967,,0.7744,0.5125,0.383,0.0898,,0.9602,0.6314,3.26,3.1806,5.8896,12.346,-0.5179,13.9918,38.1374,56.2496,59.5201,103.7377,-1.9782,95.2929,74.0631,71.8862,78.4169,2.9115,7.1761,12.92,35.05,2.0356,2.1295,48.8728,0.185,13.99,17.54,11.2591,0.7983,,11969141,9672451.8333,-2372575.8,373.4827,594.946,214.788,194.4414,1842709.415,1736018.3843,8922253.4216,8694505.3497,6958486.9654,8996586.9153,-213382.0614,14.7237,1.1376,104.9445,-34.2291,4714966.5745,3918684.3168,583238.4064,7461004564.98,-10.94,-12.068,-4.5253,31.7883,453.8573,-0.3275,69.1958,22.0601,20.7858,5.0904,1.4124,60.6248,,-32,48,16,2.9974,3.4775,0.5954,0.7977,0.2023,9.81,5.755,0.1299,0.0759,0.2127,0.0181,0.0116,55.18,0.5436,1.0769,0.2329,1.2369,-20.2652,11.7676,3.4453,,-0.71,1.6,50.0392,46.5617,1.8932,50.6418,0.9551,54.2263,53.2314,0.9444,99.8035,168.6502,-68.8467,126.5529,34.7575,2.8962,4.6762,0.0336,89.4287,163.6875,1.2511,1.1,0.5714
28,603197.XSHG,603197,2017-06-30,75.748,4.7526,0.1122,74.4679,4.8343,21.3007,0.1444,0,0.0819,0.3232,,,,0.6798,1.8356,1.3912,0.104,0.0331,0.0731,,,,1.5829,0.5625,0.0469,0.5145,,0.1508,0.48,51.1005,38.389,48.3973,52.6307,42.0284,0.5145,1.748,0.4375,2.7486,0.0305,,0.0094,0.8676,0.2503,4.6259,0.3509,,,0.0174,111.7145,3.2225,,22.5498,21.1637,0.0488,0.3864,0.0739,51.122,46.7376,47.426,53.358,46.7376,,71.0836,0.0207,0.3031,0.6393,0.1055,0.598,0.3202,0.6698,0.1055,0.0774,0.4537,0.137,0.137,0.2579,0.0786,0.1692,9.8131,42.1858,43.4592,3.4562,0.6667,0.9636,1.2471,1.0961,1.0059,0.137,,0.3097,,77.7143,0.4768,0.4768,0.6491,0.9035,4.4548,0.0077,,0.2822,1.212,0.168,0.4295,0.3291,0.2251,0.2582,0.2251,0.2982,0.2251,,2.0,,0.0,0.0277,,0.0,0.3791,,0.0,0.3007,0.4028,0.2818,0.0233,-0.0238,,2.7967,,0.7272,0.5181,0.2873,0.0875,,0.7402,0.5774,3.184,3.0404,3.7714,11.8585,-0.5772,13.506,38.008,56.844,45.4187,85.8433,-49.7843,85.2819,73.2972,72.3565,75.1786,4.532,9.6074,12.92,30.57,2.2584,1.8456,55.0292,0.1981,12.92,17.57,15.2509,1.1338,,18786056,13371500.8333,-1427537.75,371.4319,507.083,214.6848,148.4495,1765696.5606,1457645.1428,8539464.6177,8405645.2959,6948000.1531,8270029.6102,-616102.8356,14.7377,1.2154,118.7874,-60.5938,4237909.3162,3916904.5594,526298.1618,7416222889.07,-10.1544,-12.0706,-5.3644,37.6514,206.7369,-0.9943,79.4833,25.0445,7.6295,4.517,1.5046,59.2117,,-32,44,12,3.09,3.4601,0.5634,0.7817,0.2183,10.51,7.392,0.0039,0.1196,0.2121,0.0152,0.0119,50.8179,0.7157,1.0752,-0.166,1.1036,-15.066,9.4246,3.3223,,4.23,4.17,50.5024,47.0423,1.184,50.9537,0.9605,54.2176,53.119,0.9637,93.7063,154.0419,-60.3356,149.7346,35.78,1.3339,4.0239,0.0507,89.4793,163.6875,1.2277,1.0006,0.5
29,603197.XSHG,603197,2017-07-03,75.748,4.7526,0.1122,74.4679,4.8343,21.3007,0.1444,0,0.0819,0.3232,,,,0.6798,1.8356,1.3912,0.124,0.0307,0.0421,,,,1.5829,0.5625,0.0485,0.5145,,0.1508,0.48,52.0349,38.6841,49.1442,53.8338,42.4943,0.5145,1.748,0.4375,2.7486,0.0288,,0.0094,0.8676,0.2503,4.6259,0.3509,,,0.0174,111.7145,3.2225,,22.6082,21.222,0.0488,0.3864,0.0739,52.488,47.0543,47.894,53.622,47.0543,,72.5294,0.0196,0.3031,0.6393,0.1055,0.598,0.3202,0.6698,0.1055,0.0774,0.4537,0.137,0.137,0.2579,0.0786,0.1692,10.4032,44.7225,46.0725,3.664,0.6667,0.9636,1.3208,1.1997,1.024,0.137,,0.3097,,80.1481,0.5352,0.5352,0.6491,0.9035,4.4548,0.0077,,0.2822,1.212,0.168,0.4295,0.3507,0.2267,0.2574,0.2267,0.2688,0.2267,,2.0,,0.0,0.0261,,0.0,0.3576,,0.0,0.3007,0.4028,0.2661,0.022,-0.0238,,2.7967,,1.0,0.5191,0.2211,0.0912,,0.9144,0.4056,3.4581,3.6689,7.1483,17.426,4.8823,19.5215,37.6926,58.0954,90.0529,99.089,97.1845,103.3631,79.3324,74.6818,88.6336,6.6363,19.9659,15.02,25.27,2.2964,1.5995,58.944,0.2429,11.4,20.76,29.1045,1.6825,,26829227,16197477.3333,344098.35,372.1588,462.9052,214.863,117.963,1676708.4685,1320756.1001,8449229.4145,8349880.0196,7029123.9195,8194410.0735,-711904.7368,14.2212,1.2749,83.589,-39.4413,3289968.3466,3912607.1703,522174.5973,7448561559.35,-2.9708,-11.3134,-5.7166,44.9533,209.1487,1.1089,131.5336,30.0142,17.2388,3.6044,1.2006,57.9871,37.3209,60,40,100,3.2043,3.6615,0.6178,0.8089,0.1911,13.66,9.188,0.4837,0.1134,0.2452,0.0148,0.0123,59.6704,0.8685,1.0735,0.1574,1.0562,53.6939,7.9321,5.2887,,6.0,12.59,51.3851,47.7236,0.9944,51.7521,0.9202,55.5633,55.2752,0.9333,97.0563,144.8394,-47.7831,143.1418,36.9236,0.2033,5.4433,0.0932,89.4793,173.5303,1.322,1.0231,0.6
30,603197.XSHG,603197,2017-07-04,75.748,4.7526,0.1122,74.4679,4.8343,21.3007,0.1444,0,0.0819,0.3232,,,,0.6798,1.8356,1.3912,0.1112,0.0266,0.0144,,,,1.5829,0.5625,0.0469,0.5145,,0.1508,0.48,52.5486,38.9514,49.6886,54.1759,42.8998,0.5145,1.748,0.4375,2.7486,0.0295,,0.0094,0.8676,0.2503,4.6259,0.3509,,,0.0174,111.7145,3.2225,,22.5833,21.1972,0.0488,0.3864,0.0739,53.29,47.3061,48.4175,53.848,47.3061,,75.4792,0.0201,0.3031,0.6393,0.1055,0.598,0.3202,0.6698,0.1055,0.0774,0.4537,0.137,0.137,0.2579,0.0786,0.1692,10.1479,43.6251,44.942,3.5741,0.6667,0.9636,1.1712,1.2359,1.021,0.137,,0.3097,,77.5986,0.5104,0.5104,0.6491,0.9035,4.4548,0.0077,,0.2822,1.212,0.168,0.4295,0.3366,0.2254,0.252,0.2254,0.2398,0.2254,,2.0,,0.0,0.0268,,0.0,0.3666,,0.0,0.3007,0.4028,0.2727,0.0225,-0.0238,,2.7967,,0.7023,0.5328,0.0223,0.0883,,0.7412,0.5768,3.2317,3.1235,2.9461,13.3061,1.8794,15.9681,37.9034,58.9316,105.4483,94.7578,101.0495,104.8732,76.9455,75.4364,79.9637,-0.1092,23.5864,11.54,27.27,1.9902,1.6108,55.268,0.1462,10.29,20.76,33.7198,2.2835,,21391014,16059257.3333,2275639.1,368.0376,401.2207,215.4316,77.2565,1539497.291,990652.5812,7901771.8846,7901931.2474,6911278.6662,7275677.7157,-1097689.4196,14.1194,1.0162,101.2769,-55.9551,3629498.6748,3930648.2412,536210.8879,7366371542.02,-6.1843,-10.7751,-6.9223,49.194,520.285,0.8461,62.4551,34.0814,8.1204,3.3427,1.1134,56.9259,35.6908,60,36,96,3.2969,3.6675,0.6456,0.8228,0.1772,8.02,9.745,-0.1334,0.0062,0.2376,0.0137,0.0124,56.1244,0.9685,1.0597,0.5197,0.8341,5.964,5.9652,5.019,,1.76,13.68,51.9197,48.2522,0.9972,52.1584,0.9508,55.7486,55.1913,0.9714,97.1285,126.1989,-29.0704,194.0104,37.9507,2.8829,4.6429,0.0321,87.2837,173.5303,1.2884,1.109,0.5714
31,603197.XSHG,603197,2017-07-05,75.748,4.7526,0.1122,74.4679,4.8343,21.3007,0.1444,0,0.0819,0.3232,,,,0.6798,1.8356,1.3912,0.102,0.0262,0.0199,,,,1.5829,0.5625,0.0485,0.5145,,0.1508,0.48,52.9543,39.2131,50.1735,54.3772,43.2893,0.5145,1.748,0.4375,2.7486,0.0296,,0.0094,0.8676,0.2503,4.6259,0.3509,,,0.0174,111.7145,3.2225,,22.5819,21.1957,0.0488,0.3864,0.0739,53.616,47.5397,48.8745,54.39,47.5397,,76.6457,0.0201,0.3031,0.6393,0.1055,0.598,0.3202,0.6698,0.1055,0.0774,0.4537,0.137,0.137,0.2579,0.0786,0.1692,10.1331,43.5615,44.8765,3.5689,0.5833,0.9636,1.0633,1.2003,1.052,0.137,,0.3097,,77.2809,0.5089,0.5089,0.6491,0.9035,4.4548,0.0077,,0.2822,1.212,0.168,0.4295,0.3298,0.2278,0.254,0.2278,0.2477,0.2278,,2.0,,0.0,0.0268,,0.0,0.3671,,0.0,0.3007,0.4028,0.2731,0.0226,-0.0238,,2.7967,,0.7601,0.5303,-0.1586,0.0831,,0.5232,0.6095,3.2328,3.1568,2.171,12.083,0.717,15.23,38.078,59.671,97.3536,87.9301,78.2022,102.6153,73.6188,74.8305,71.1954,1.9542,20.0263,10.65,27.27,1.7248,1.6117,51.6949,0.0595,10.37,19.51,30.589,2.4562,,12550841,16062573.6667,3382492.3,375.22,394.3856,217.0842,64.0931,1430021.1137,992116.4044,8072390.2692,8046276.1324,7054159.728,7797176.1438,-875809.4186,17.0155,1.0463,415.776,-8.7644,3624767.2058,3943965.2889,582171.4946,7509637870.14,-11.4229,-10.6605,-8.0887,49.4571,850.3837,-1.0052,43.6201,32.4641,9.6078,2.9373,0.9646,56.0768,37.6036,60,32,92,3.3623,3.6239,0.687,0.8435,0.1565,3.26,9.483,-0.0129,0.039,0.2364,0.012,0.0124,51.4045,0.9946,0.9615,0.636,0.5245,7.6626,5.405,3.9424,,1.77,9.35,52.3597,48.7358,0.9208,52.6558,0.9612,55.7445,55.0103,0.9788,103.9437,117.5564,-13.6127,184.8656,33.9822,2.051,5.291,0.0591,87.2837,173.2772,1.1695,1.1318,0.5714
32,603197.XSHG,603197,2017-07-06,75.748,4.7526,0.1122,74.4679,4.8343,21.3007,0.1444,0,0.0819,0.3232,,,,0.6798,1.8356,1.3912,0.0686,0.0275,0.0237,,,,1.5829,0.5625,0.0469,0.5145,,0.1508,0.48,53.0026,39.4446,50.4636,53.9915,43.6149,0.5145,1.748,0.4375,2.7486,0.0304,,0.0094,0.8676,0.2503,4.6259,0.3509,,,0.0174,111.7145,3.2225,,22.553,21.1668,0.0488,0.3864,0.0739,53.863,47.7118,49.345,54.43,47.7118,,73.1714,0.0207,0.3031,0.6393,0.1055,0.598,0.3202,0.6698,0.1055,0.0774,0.4537,0.137,0.137,0.2579,0.0786,0.1692,9.8445,42.321,43.5985,3.4673,0.5,0.9636,1.0487,1.2148,1.0038,0.137,,0.3097,,66.2258,0.48,0.48,0.6491,0.9035,4.4548,0.0077,,0.2822,1.212,0.168,0.4295,0.2976,0.229,0.2565,0.229,0.2527,0.229,,2.0,,0.0,0.0276,,0.0,0.3779,,0.0,0.3007,0.4028,0.2809,0.0232,-0.0238,,2.7967,,0.6141,0.5241,-0.3766,0.0801,,0.099,0.5303,3.1951,3.0977,-1.1938,7.8529,-2.223,11.5447,38.6582,60.0318,-58.013,49.6129,-85.2398,67.4577,59.9003,69.8538,39.9933,2.2086,21.4791,11.77,25.06,1.4948,1.5683,48.8002,0.0464,10.1,19.51,31.7798,2.0781,,4685339,16035269.6667,4414896.8,381.8331,396.5255,216.1419,64.6303,1324858.0053,904205.5718,8034774.2203,8018464.7274,7114259.1556,7819951.4292,-841304.867,19.3425,1.0544,-17.9133,2.3917,2452545.2495,3936941.365,544985.6287,7643307902.92,-7.0041,-10.1,-8.1128,46.5068,216.9111,-0.2652,7.6026,28.1654,9.9859,2.5757,0.9293,54.8629,39.0219,60,28,88,3.3747,3.4242,0.5216,0.7608,0.2392,2.47,9.036,-0.224,0.0412,0.1379,0.0091,0.0119,53.4131,0.9692,0.7784,0.1374,0.2634,-15.1328,4.7506,3.8411,,1.87,9.62,52.4921,49.0679,1.1076,52.6352,0.989,54.955,53.7766,1.0121,117.7464,95.9606,21.7858,165.1361,31.5947,-0.4034,1.3766,0.0334,84.7981,173.2772,1.033,1.1352,0.5714
33,603197.XSHG,603197,2017-07-07,75.748,4.7526,0.1122,74.4679,4.8343,21.3007,0.1444,0,0.0819,0.3232,,,,0.6798,1.8356,1.3912,0.0429,0.03,0.0153,,,,1.5829,0.5625,0.0456,0.5145,,0.1508,0.48,53.0221,39.6705,50.7157,53.6977,43.9262,0.5145,1.748,0.4375,2.7486,0.0305,,0.0094,0.8676,0.2503,4.6259,0.3509,,,0.0174,111.7145,3.2225,,22.5509,21.1648,0.0488,0.3864,0.0739,53.9,47.8706,49.775,54.442,47.8706,,75.0681,0.0207,0.3031,0.6393,0.1055,0.598,0.3202,0.6698,0.1055,0.0774,0.4537,0.137,0.137,0.2579,0.0786,0.1692,9.8242,42.2335,43.5084,3.4601,0.4167,0.9636,1.007,1.1932,1.0011,0.137,,0.3097,,55.2684,0.478,0.478,0.6491,0.9035,4.4548,0.0077,,0.2822,1.212,0.168,0.4295,0.2706,0.2277,0.2577,0.2277,0.243,0.2277,,2.0,,0.0,0.0277,,0.0,0.3786,,0.0,0.3007,0.4028,0.2815,0.0233,-0.0238,,2.7967,,0.6773,0.519,-0.5964,0.0775,,-0.2478,0.6169,2.9704,2.6441,-1.4657,6.7002,-2.4466,10.9449,39.216,60.334,-65.2745,45.8292,-82.7036,65.8117,50.1565,63.288,23.8935,0.1697,19.3215,9.6,25.06,1.2955,1.5265,45.9072,0.007,10.21,18.81,29.6347,1.471,,-705066,13922901.8333,4940915.5,385.5852,380.4627,213.6335,79.4903,1185402.7225,627581.5911,7553979.8166,7614147.8463,6986566.2552,7010102.6195,-1115642.2628,17.9096,1.0927,-50.206,-24.2918,2056567.3782,3915370.1237,535662.9638,7718933415.85,-4.8265,-9.5397,-7.0938,43.509,586.693,0.7545,-14.4665,29.5957,5.9244,2.4011,0.8663,53.8109,40.251,60,24,84,3.3437,3.2198,0.453,0.7265,0.2735,0.37,8.25,-0.0111,0.0177,0.0468,0.0062,0.0112,55.1999,0.8998,0.524,-0.2526,0.166,-11.9856,4.6683,3.8097,,0.47,7.87,52.5871,49.3673,1.3124,52.5911,0.9902,54.3135,53.1462,1.0149,134.4969,108.354,26.1429,171.1946,29.9895,-0.3086,1.2014,0.0284,84.6228,173.2772,1.0465,1.1964,0.5714
34,603197.XSHG,603197,2017-07-10,75.748,4.7526,0.1122,74.4679,4.8343,21.3007,0.1444,0,0.0819,0.3232,,,,0.6798,1.8356,1.3912,0.0214,0.0317,0.0009,,,,1.5829,0.5625,0.0469,0.5145,,0.1508,0.48,52.9745,39.8868,50.9104,53.3851,44.2158,0.5145,1.748,0.4375,2.7486,0.0307,,0.0094,0.8676,0.2503,4.6259,0.3509,,,0.0174,111.7145,3.2225,,22.5443,21.1582,0.0488,0.3864,0.0739,53.684,48.0103,50.327,53.746,48.0103,11.0962,74.5914,0.0209,0.3031,0.6393,0.1055,0.598,0.3202,0.6698,0.1055,0.0774,0.4537,0.137,0.137,0.2579,0.0786,0.1692,9.7595,41.9552,43.2217,3.4373,0.4167,0.9636,0.9607,1.2646,0.9381,0.137,,0.3097,,56.8507,0.4714,0.4714,0.6491,0.9035,4.4548,0.0077,,0.2822,1.212,0.168,0.4295,0.2483,0.2269,0.2586,0.2269,0.2278,0.2269,23.2654,2.0,,0.0,0.0279,,0.0,0.3812,,0.0,0.3007,0.4028,0.2833,0.0234,-0.0238,,2.7967,,0.6486,0.5152,-0.8285,0.0695,,-0.5578,0.6505,3.017,2.8372,-1.7212,4.8344,-1.8346,9.8931,40.406,60.248,-52.0776,42.6323,-53.6265,64.5992,41.7574,56.1111,13.05,-0.5467,26.4621,9.49,27.15,1.1228,1.4891,42.9879,-0.0393,7.77,18.81,41.535,1.0707,,-6526940,9704069.1667,5439545.15,389.7772,371.4011,211.1036,84.9018,1035946.3087,438120.6536,7239051.4863,7338413.4084,6900292.7548,6614026.413,-1195651.3102,9.6054,1.13,-66.3458,-14.5966,1439677.8916,3900543.147,547019.9297,7804597933.0,-5.8085,-8.849,-6.3695,37.538,88.591,0.7906,-19.2446,23.301,12.3341,2.8443,0.7392,54.4687,42.4796,60,20,80,3.274,2.9951,0.3588,0.6794,0.3206,-2.16,6.714,-0.0384,0.0106,0.0651,0.0035,0.0103,53.5967,0.7853,0.2302,-0.6917,0.0092,6.2898,5.0071,2.5995,,-2.97,8.72,52.6137,49.6186,0.986,52.5398,0.9958,53.6835,52.6592,1.0175,135.8588,120.0881,15.7707,190.2315,28.8176,-1.036,2.284,0.0629,84.6228,172.1353,1.0004,1.156,0.5714
35,603197.XSHG,603197,2017-07-11,75.748,4.7526,0.1122,74.4679,4.8343,21.3007,0.1444,0,0.0819,0.3232,,,,0.6798,1.8356,1.3912,0.0101,0.0368,0.0069,,,,1.5829,0.5625,0.0485,0.5145,,0.1508,0.48,51.9755,40.0123,50.5837,51.4167,44.3229,0.5145,1.748,0.4375,2.7486,0.0341,,0.0094,0.8676,0.2503,4.6259,0.3509,,,0.0174,111.7145,3.2225,,22.4389,21.0527,0.0488,0.3864,0.0739,53.059,47.9956,50.59,52.27,47.9956,14.318,68.9017,0.0231,0.3031,0.6393,0.1055,0.598,0.3202,0.6698,0.1055,0.0774,0.4537,0.137,0.137,0.2579,0.0786,0.1692,8.7828,37.7565,38.8962,3.0933,0.3333,0.9636,0.8837,1.1246,0.8655,0.137,,0.3097,,35.3563,0.3659,0.3659,0.6491,0.9035,4.4548,0.0077,,0.2822,1.212,0.168,0.4295,0.2366,0.2265,0.2633,0.2265,0.2334,0.2265,13.0082,2.0,,0.0,0.031,,0.0,0.4235,,0.0,0.3007,0.4028,0.3142,0.026,-0.0238,,2.7967,,0.1766,0.4922,-0.9046,0.0791,,-1.4564,0.4581,3.3467,3.5951,-10.5147,-6.1475,-9.164,-1.0743,41.3161,59.8639,-220.8844,-21.7935,-166.6667,16.914,27.8383,46.6868,-9.8587,-15.5761,12.4586,14.02,25.87,0.9731,1.6002,37.8153,-0.1163,13.05,18.31,16.773,-0.0649,,-12774163,3103504.1667,5452108.6,398.127,352.2381,204.1887,82.2171,892481.1957,318620.7436,7058719.0342,7170537.961,6851917.2174,6491758.6087,-1147720.9042,3.7741,0.964,-52.9633,-22.3289,1186353.6852,3795088.5277,497283.9645,7965740348.17,-12.0557,-8.4402,-7.8837,25.9993,256.4362,-1.2542,-4.0339,-5.2655,-39.8081,2.2222,0.8564,53.1214,44.0668,60,16,76,3.0919,2.3637,0.073,0.5365,0.4635,-6.25,4.938,-0.6252,-0.1742,-0.0304,-0.0021,0.0087,43.251,0.6222,-0.0261,-1.2306,-0.2744,-119.7442,6.8804,6.4589,,-13.42,2.73,51.8239,49.4602,1.7416,51.606,1.0869,50.849,48.7848,1.1175,124.7537,103.8451,20.9086,153.5802,28.1713,-4.2308,1.2592,0.1156,84.6228,154.9087,0.8645,1.0838,0.5714
36,603197.XSHG,603197,2017-07-12,75.748,4.7526,0.1122,74.4679,4.8343,21.3007,0.1444,0,0.0819,0.3232,,,,0.6798,1.8356,1.3912,0.0004,0.0409,-0.0225,,,,1.5829,0.5625,0.0469,0.5145,,0.1508,0.48,51.2618,40.1452,50.3424,50.2945,44.4451,0.5145,1.748,0.4375,2.7486,0.0337,,0.0094,0.8676,0.2503,4.6259,0.3509,,,0.0174,111.7145,3.2225,,22.4508,21.0647,0.0488,0.3864,0.0739,52.657,47.997,50.8735,50.924,47.997,16.861,61.7255,0.0229,0.3031,0.6393,0.1055,0.598,0.3202,0.6698,0.1055,0.0774,0.4537,0.137,0.137,0.2579,0.0786,0.1692,8.8882,38.2097,39.3632,3.1304,0.3333,0.9636,0.9228,1.1338,0.8771,0.137,,0.3097,,28.9908,0.3778,0.3778,0.6491,0.9035,4.4548,0.0077,,0.2822,1.212,0.168,0.4295,0.2247,0.2243,0.2652,0.2243,0.2018,0.2243,19.0035,2.0,,0.0,0.0306,,0.0,0.4185,,0.0,0.3007,0.4028,0.3106,0.0257,-0.0238,,2.7967,,0.4641,0.4807,-0.9783,0.0795,,-1.927,0.4411,3.1458,3.0936,-8.7491,-5.55,-5.6437,0.1104,42.3392,59.4078,-197.7602,-59.8495,-108.2215,-4.1016,22.8891,38.7542,-8.8411,-12.4134,13.379,14.46,25.87,1.218,1.3868,46.7598,-0.0772,13.05,18.72,17.847,-1.5351,,-8558547,-1888089.3333,5519664.25,401.6062,335.6067,199.952,102.3569,725844.7439,59298.9367,6541791.2098,6715934.5824,6656635.6457,5733044.4058,-1333091.6144,-3.1805,1.09,-65.8571,-22.4816,1423770.1402,3732462.795,421384.6918,8035566926.91,-9.9021,-8.0064,-8.5033,16.6946,-121.6953,-1.2915,-6.9907,-17.3603,-67.0323,2.0489,4.8161,51.4131,46.8884,60,12,72,2.851,1.8875,-0.1016,0.4492,0.5508,-4.02,3.567,0.0506,-0.1435,-0.0687,-0.0068,0.0068,37.849,0.4519,-0.2121,-1.4634,-0.4002,-50.6446,7.9404,6.5036,,-10.63,3.24,51.2433,49.3558,2.2384,50.8017,1.0573,49.2196,47.6105,1.0959,133.5776,115.9596,17.618,138.0178,27.6362,-4.5279,-2.6879,0.0383,85.6387,154.9087,0.8943,1.0795,0.5
37,603197.XSHG,603197,2017-07-13,75.748,4.7526,0.1122,74.4679,4.8343,21.3007,0.1444,0,0.0819,0.3232,,,,0.6798,1.8356,1.3912,-0.0041,0.0438,-0.0377,,,,1.5829,0.5625,0.0485,0.5145,,0.1508,0.48,50.3396,40.2451,49.9469,48.9263,44.5023,0.5145,1.748,0.4375,2.7486,0.035,,0.0094,0.8676,0.2503,4.6259,0.3509,,,0.0174,111.7145,3.2225,,22.4113,21.0252,0.0488,0.3864,0.0739,51.974,47.9495,51.0225,49.518,47.9495,16.6911,53.8216,0.0237,0.3031,0.6393,0.1055,0.598,0.3202,0.6698,0.1055,0.0774,0.4537,0.137,0.137,0.2579,0.0786,0.1692,8.5441,36.7306,37.8394,3.0093,0.3333,0.9636,0.8712,1.069,0.8679,0.137,,0.3097,,27.8496,0.3384,0.3384,0.6491,0.9035,4.4548,0.0077,,0.2822,1.212,0.168,0.4295,0.2192,0.2233,0.2671,0.2233,0.1856,0.2233,13.6793,2.0,,0.0,0.0318,,0.0,0.4354,,0.0,0.3007,0.4028,0.3228,0.0267,-0.0238,,2.7967,,0.2582,0.4714,-0.9737,0.0812,,-2.4104,0.5269,3.1384,3.0926,-11.1286,-9.4713,-6.7208,-3.6695,42.9606,59.0844,-149.7438,-96.3443,-95.4696,-23.4773,18.5659,32.0248,-8.3519,-15.6809,6.8966,12.33,26.06,1.0556,1.6639,38.816,-0.1288,14.91,17.89,9.0854,-3.6264,,-14058630,-6323001.1667,5093162.05,404.7862,296.1156,196.8949,71.6412,572258.8778,-42084.5866,6352389.7171,6528880.4928,6570965.0794,5655390.6039,-1228686.9288,-7.395,0.9677,-43.236,-37.7831,1447451.0129,3687177.8815,322464.7743,8101345526.15,-10.5872,-7.6444,-8.364,7.024,287.2281,-1.4073,0.1397,-22.3527,-79.5771,1.7799,7.6675,52.8673,51.3728,60,8,68,2.5498,1.3446,-0.26,0.37,0.63,-6.83,1.903,-0.2129,-0.1768,-0.0689,-0.011,0.0047,38.558,0.2679,-0.3943,-1.5889,-0.6035,-30.4868,9.5763,8.6412,,-9.91,0.46,50.4659,49.1213,2.662,49.7567,1.0772,47.3357,45.9948,1.1252,115.8346,102.6316,13.203,121.6462,27.2702,-5.5139,-2.7039,0.0608,85.6387,148.9122,0.8871,1.1071,0.5
38,603197.XSHG,603197,2017-07-14,75.748,4.7526,0.1122,74.4679,4.8343,21.3007,0.1444,0,0.0819,0.3232,,,,0.6798,1.8356,1.3912,-0.0129,0.0478,-0.0481,,,,1.5829,0.5625,0.0469,0.5145,,0.1508,0.48,49.5742,40.3424,49.5834,47.9942,44.5556,0.5145,1.748,0.4375,2.7486,0.0351,,0.0094,0.8676,0.2503,4.6259,0.3509,,,0.0174,111.7145,3.2225,,22.41,21.0239,0.0488,0.3864,0.0739,51.282,47.9028,51.202,48.122,47.9028,17.895,48.9118,0.0238,0.3031,0.6393,0.1055,0.598,0.3202,0.6698,0.1055,0.0774,0.4537,0.137,0.137,0.2579,0.0786,0.1692,8.533,36.6829,37.7903,3.0054,0.3333,0.9636,0.8696,1.0844,0.8686,0.137,,0.3097,,30.7393,0.3371,0.3371,0.6491,0.9035,4.4548,0.0077,,0.2822,1.212,0.168,0.4295,0.2077,0.2206,0.2684,0.2206,0.1725,0.2206,18.6187,2.0,,0.0,0.0319,,0.0,0.4359,,0.0,0.3007,0.4028,0.3233,0.0267,-0.0238,,2.7967,,0.3395,0.4625,-0.8517,0.079,,-2.641,0.5249,2.9386,2.6776,-10.0464,-9.9059,-4.1395,-3.7008,43.8027,58.6013,-104.3318,-104.713,-67.5985,-21.1107,15.5224,26.524,-6.4808,-13.3221,8.4391,12.38,26.06,0.9149,1.9609,31.8138,-0.1304,14.3,17.89,11.1525,-4.6094,,-17524224,-10024595.0,4628473.0,407.1041,253.8311,193.5517,61.3295,401140.7134,-283331.9442,5827517.7685,6057605.6478,6340937.592,4925458.4026,-1368945.3152,-11.6543,0.9881,-54.8855,-55.9393,1709122.8976,3634954.6842,266009.6594,8146846176.24,-12.7004,-7.3045,-9.3134,-2.3729,-170.4577,-1.9991,-6.4725,-28.7861,-66.0964,1.6475,7.097,54.1275,55.2651,60,4,64,2.2196,0.8991,-0.2636,0.3682,0.6318,-6.92,0.16,-0.0045,-0.1403,-0.0495,-0.0138,0.0027,38.3555,0.0743,-0.5321,-1.544,-0.8319,-16.8816,10.991,9.928,,-9.67,-0.01,49.7988,48.8997,2.794,49.2709,1.0681,46.1219,45.4589,1.1117,126.4772,111.2113,15.2659,124.7709,26.9634,-4.0433,-2.4033,0.0356,85.5275,148.9122,0.87,1.0926,0.6
39,603197.XSHG,603197,2017-07-17,75.748,4.7526,0.1122,74.4679,4.8343,21.3007,0.1444,0,0.0819,0.3232,,,,0.6798,1.8356,1.3912,-0.023,0.0543,-0.0549,,,,1.5829,0.5625,0.0485,0.5145,,0.1508,0.48,48.488,40.3962,49.0135,46.5295,44.5243,0.5145,1.748,0.4375,2.7486,0.0371,,0.0094,0.8676,0.2503,4.6259,0.3509,,,0.0174,111.7145,3.2225,,22.3536,20.9675,0.0488,0.3864,0.0739,50.018,47.7953,51.253,46.29,47.7953,17.095,52.4532,0.0251,0.3031,0.6393,0.1055,0.598,0.3202,0.6698,0.1055,0.0774,0.4537,0.137,0.137,0.2579,0.0786,0.1692,8.0651,34.6711,35.7177,2.8405,0.25,0.9636,0.7752,1.024,0.8264,0.137,,0.3097,,22.2941,0.2807,0.2807,0.6491,0.9035,4.4548,0.0077,,0.2822,1.212,0.168,0.4295,0.196,0.219,0.2733,0.219,0.1641,0.219,14.995,2.0,,0.0,0.0337,,0.0,0.4612,,0.0,0.3007,0.4028,0.3416,0.0282,-0.0238,,2.7967,,0.1025,0.4286,-0.7307,0.0843,,-3.0104,0.391,3.0975,3.0926,-12.8314,-14.9318,-5.8112,-8.7776,44.0937,58.4123,-123.9331,-174.0244,-139.784,-60.3958,13.8205,22.2895,-3.1175,-17.9062,2.3955,15.56,25.55,0.7929,2.2523,26.0377,-0.2248,16.83,17.85,2.9412,-5.6188,,-22118740,-13593540.6667,3848360.35,413.5003,239.8048,183.7855,62.4568,245100.9514,-379058.0968,5603335.6288,5832514.9328,6211573.0296,4815144.2684,-1248318.0964,-15.4665,0.8996,-35.4701,-14.7649,1614944.8456,3429930.2471,189176.352,8274379011.53,-12.6715,-7.0163,-10.6209,-11.7286,264.249,-2.0503,-15.8868,-44.1202,-101.5611,1.3546,15.6496,58.1195,60.0881,56,4,60,1.8433,0.3381,-0.2938,0.3531,0.6469,-12.64,-2.47,-0.252,-0.1804,-0.0813,-0.0168,0.0006,38.0307,-0.1386,-0.6955,-1.4774,-1.0729,-64.628,11.3715,4.8606,,-11.75,-3.05,48.8452,48.5071,3.1348,48.322,1.1083,44.2584,43.653,1.1472,112.0332,98.1296,13.9036,111.2865,26.7538,-6.96,-3.78,0.0729,85.5275,140.7451,0.8219,1.0288,0.5
40,603197.XSHG,603197,2017-07-18,75.748,4.7526,0.1122,74.4679,4.8343,21.3007,0.1444,0,0.0819,0.3232,,,,0.6798,1.8356,1.3912,-0.0273,0.0463,-0.0714,,,,1.5829,0.5625,0.0492,0.5145,,0.1508,0.48,47.8156,40.4688,48.6113,45.9497,44.533,0.5145,1.748,0.4375,2.7486,0.0361,,0.0094,0.8676,0.2503,4.6259,0.3509,,,0.0174,111.7145,3.2225,,22.3805,20.9944,0.0488,0.3864,0.0739,49.011,47.722,51.1505,45.752,47.722,16.0262,59.1303,0.0245,0.3031,0.6393,0.1055,0.598,0.3202,0.6698,0.1055,0.0774,0.4537,0.137,0.137,0.2579,0.0786,0.1692,8.2852,35.6174,36.6925,2.9181,0.25,0.9636,0.8164,0.9562,0.9433,0.137,,0.3097,,27.2577,0.3076,0.3076,0.6491,0.9035,4.4548,0.0077,,0.2822,1.212,0.168,0.4295,0.1893,0.2166,0.2629,0.2166,0.1452,0.2166,16.8526,2.0,,0.0,0.0328,,0.0,0.449,,0.0,0.3007,0.4028,0.3327,0.0275,-0.0238,,2.7967,,0.3367,0.4613,-0.756,0.0782,,-2.9662,0.3527,2.9752,2.8319,-8.6124,-12.4349,-2.1026,-6.1439,43.6735,58.6275,-90.6244,-149.4343,-62.0017,-47.2914,16.5365,20.3718,8.8659,-15.1061,-4.3766,15.58,24.07,1.2287,1.952,38.6299,-0.1836,16.83,14.78,-6.4853,-5.9997,,-18636447,-15611791.8333,2763265.15,399.2784,214.3057,192.4847,60.3189,88388.399,-538461.8107,5217691.5145,5470942.3278,6009404.1385,4370860.5123,-1253700.4194,-19.8542,0.9036,-48.9169,-40.186,1766600.2462,3551210.2353,150554.2816,7992604842.21,-11.0741,-7.1272,-11.4985,-18.8054,-579.3658,-1.3766,-11.7014,-35.9463,-96.491,5.5693,14.1205,56.1608,58.7054,52,4,56,1.4726,-0.0105,-0.3032,0.3484,0.6516,-10.07,-4.279,0.095,-0.1582,-0.0738,-0.0177,-0.0013,39.6746,-0.3421,-0.8243,-0.7674,-1.2009,2.98,12.6643,5.7053,,-8.22,-5.72,48.2213,48.2318,2.3692,47.7263,1.0656,43.6596,43.8989,1.0942,126.3358,110.4132,15.9226,102.6481,26.6401,-5.1643,-2.9843,0.0487,87.8619,140.7451,0.7964,1.0366,0.4
41,603197.XSHG,603197,2017-07-19,75.748,4.7526,0.1122,74.4679,4.8343,21.3007,0.1444,0,0.0819,0.3232,,,,0.6798,1.8356,1.3912,-0.0429,0.0362,-0.0732,,,,1.5829,0.5625,0.0481,0.5145,,0.1508,0.48,47.3801,40.5507,48.3074,45.7731,44.5621,0.5145,1.748,0.4375,2.7486,0.0356,,0.0094,0.8676,0.2503,4.6259,0.3509,,,0.0174,111.7145,3.2225,,22.3945,21.0084,0.0488,0.3864,0.0739,48.075,47.6671,50.8455,45.226,47.6671,16.6952,56.9424,0.0241,0.3031,0.6393,0.1055,0.598,0.3202,0.6698,0.1055,0.0774,0.4537,0.137,0.137,0.2579,0.0786,0.1692,8.4017,36.1183,37.2086,2.9591,0.25,0.9636,0.8291,0.8816,0.9453,0.137,,0.3097,,15.3205,0.3215,0.3215,0.6491,0.9035,4.4548,0.0077,,0.2822,1.212,0.168,0.4295,0.1715,0.2144,0.2506,0.2144,0.1412,0.2144,17.0223,2.0,,0.0,0.0324,,0.0,0.4428,,0.0,0.3007,0.4028,0.3282,0.0271,-0.0238,,2.7967,,0.3389,0.4881,-0.5619,0.0708,,-2.7292,0.3725,2.8158,2.5314,-5.5226,-10.6706,0.429,-4.7142,42.9463,58.7447,-67.1984,-116.4884,-7.6364,-38.0303,20.0007,20.2481,19.5059,-4.3387,-11.8401,15.58,24.83,1.5504,1.6917,47.8209,-0.1709,16.83,10.73,-22.1335,-5.4957,,-15009705,-15984382.1667,1318236.3,380.4534,189.1145,196.426,37.5944,-58427.5701,-645691.4464,4928427.9664,5187219.2004,5832910.6468,4122821.0082,-1174527.7526,-28.1716,0.8953,-54.9091,-41.9463,1420625.3954,3582254.1679,138602.277,7610449099.01,-8.9144,-7.6714,-10.975,-23.6892,-564.4765,-0.2887,-18.0909,-35.7536,-50.3531,5.3367,12.9305,54.2155,57.4201,44,8,52,1.1314,-0.2332,-0.2398,0.3801,0.6199,-9.36,-5.541,0.051,-0.0455,-0.1098,-0.0167,-0.0028,41.8268,-0.5047,-0.9447,-0.568,-1.1019,7.1013,11.6443,2.947,,-1.31,-8.98,47.7903,48.0235,1.8332,47.3789,1.0431,43.663,44.6364,1.0585,127.1384,107.5762,19.5622,87.7091,26.5655,-3.9437,-2.1637,0.0392,87.8619,142.7248,0.8279,1.0677,0.4
42,603197.XSHG,603197,2017-07-20,75.748,4.7526,0.1122,74.4679,4.8343,21.3007,0.1444,0,0.0819,0.3232,,,,0.6798,1.8356,1.3912,-0.0529,0.0158,-0.0783,,,,1.5829,0.5625,0.0469,0.5145,,0.1508,0.48,46.9364,40.6232,47.9867,45.4954,44.5745,0.5145,1.748,0.4375,2.7486,0.036,,0.0094,0.8676,0.2503,4.6259,0.3509,,,0.0174,111.7145,3.2225,,22.3839,20.9977,0.0488,0.3864,0.0739,47.247,47.6037,50.555,44.976,47.6037,16.7133,59.2378,0.0244,0.3031,0.6393,0.1055,0.598,0.3202,0.6698,0.1055,0.0774,0.4537,0.137,0.137,0.2579,0.0786,0.1692,8.3129,35.7366,36.8154,2.9278,0.25,0.9636,0.8444,0.8855,0.9729,0.137,,0.3097,,16.2585,0.3109,0.3109,0.6491,0.9035,4.4548,0.0077,,0.2822,1.212,0.168,0.4295,0.1601,0.213,0.2288,0.213,0.1347,0.213,19.112,2.0,,0.0,0.0327,,0.0,0.4475,,0.0,0.3007,0.4028,0.3316,0.0274,-0.0238,,2.7967,,0.2613,0.4112,-0.413,0.0771,,-2.5196,0.4206,2.719,2.4053,-4.8828,-11.1067,-0.08,-5.5956,42.2254,58.8846,-60.4034,-102.1737,3.663,-39.2691,21.0503,20.5155,22.1199,-6.4724,-11.4483,15.1,26.06,1.3437,1.9012,41.4096,-0.1556,16.54,10.73,-21.3055,-4.7316,,-19554090,-17816972.6667,510943.7,346.1899,189.6515,159.2215,37.8187,-176570.5904,-649142.6715,4858601.9725,5088321.6311,5737464.3026,4263342.3388,-945144.1622,-31.0099,0.8774,-16.4361,7.7988,1010856.4071,2755605.7343,94189.686,6925226336.36,-8.9361,-7.8622,-10.814,-27.515,-582.3915,0.1757,-14.0449,-33.7831,-30.6904,4.9369,11.6054,52.3617,55.7867,44,4,48,0.8165,-0.4433,-0.3372,0.3314,0.6686,-8.28,-6.616,-0.048,-0.0619,-0.1027,-0.0151,-0.004,49.8093,-0.6319,-0.9789,-0.2054,-1.0084,10.9197,12.4836,3.0835,,-3.75,-6.59,47.3518,47.7951,1.1748,47.1793,1.0498,43.5592,44.7397,1.0513,128.5134,105.6743,22.8391,77.7338,26.4986,-3.6146,-1.5246,0.0465,87.8619,141.2165,0.8204,1.0554,0.4
43,603197.XSHG,603197,2017-07-21,75.748,4.7526,0.1122,74.4679,4.8343,21.3007,0.1444,0,0.0819,0.3232,,,,0.6798,1.8356,1.3912,-0.0578,0.0011,-0.0773,,,,1.5829,0.5625,0.0467,0.5145,,0.1508,0.48,46.6116,40.698,47.7165,45.3803,44.5934,0.5145,1.748,0.4375,2.7486,0.0359,,0.0094,0.8676,0.2503,4.6259,0.3509,,,0.0174,111.7145,3.2225,,22.3885,21.0024,0.0488,0.3864,0.0739,46.451,47.548,50.1755,44.78,47.548,17.8013,55.9285,0.0243,0.3031,0.6393,0.1055,0.598,0.3202,0.6698,0.1055,0.0774,0.4537,0.137,0.137,0.2579,0.0786,0.1692,8.3518,35.9036,36.9875,2.9415,0.3333,0.9636,0.8501,0.8561,0.9788,0.137,,0.3097,,17.532,0.3156,0.3156,0.6491,0.9035,4.4548,0.0077,,0.2822,1.212,0.168,0.4295,0.1529,0.2107,0.2118,0.2107,0.1334,0.2107,20.2074,2.0,,0.0,0.0326,,0.0,0.4454,,0.0,0.3007,0.4028,0.3301,0.0273,-0.0238,,2.7967,,0.3049,0.3839,-0.2044,0.0783,,-2.2442,0.3041,2.5685,2.1724,-2.8008,-10.0158,0.8263,-5.0433,41.5777,58.7733,-49.9929,-88.1681,60.0483,-37.1957,23.6051,21.5454,27.7245,-2.2516,-14.3914,15.47,22.23,1.5074,1.6477,47.7766,-0.1499,16.54,8.95,-29.7764,-4.0565,,-16270869,-18185679.1667,-796268.15,318.8986,172.0726,142.3261,24.0613,-290267.4045,-745054.6607,4572169.0684,4810613.8417,5555668.5024,3936635.2259,-909574.5124,-42.6808,0.8944,-62.8602,-40.306,1066466.8803,2380234.1366,77782.9766,6379536649.14,-8.3373,-8.2362,-10.439,-30.5167,-596.9847,0.5403,-12.001,-38.2523,-19.8604,4.5294,10.6474,50.755,54.371,40,4,44,0.536,-0.5861,-0.503,0.2485,0.7515,-7.96,-7.449,0.0153,-0.0239,-0.1003,-0.0131,-0.005,46.8985,-0.7326,-0.9544,-0.0071,-0.841,11.9614,12.8208,1.9723,,-0.95,-8.84,47.0131,47.5992,0.8504,46.9921,1.0408,43.6843,44.9967,1.0288,126.5944,102.3099,24.2845,75.9243,26.4548,-2.9668,-1.3768,0.0352,88.2725,141.2165,0.8484,0.9639,0.4
44,603197.XSHG,603197,2017-07-24,75.748,4.7526,0.1122,74.4679,4.8343,21.3007,0.1444,0,0.0819,0.3232,,,,0.6798,1.8356,1.3912,-0.0601,-0.0108,-0.0747,,,,1.5829,0.5625,0.0469,0.5145,,0.1508,0.48,46.655,40.7997,47.634,45.8702,44.6673,0.5145,1.748,0.4375,2.7486,0.0346,,0.0094,0.8676,0.2503,4.6259,0.3509,,,0.0174,111.7145,3.2225,,22.4255,21.0394,0.0488,0.3864,0.0739,45.86,47.5324,49.772,45.43,47.5324,16.924,54.9562,0.0234,0.3031,0.6393,0.1055,0.598,0.3202,0.6698,0.1055,0.0774,0.4537,0.137,0.137,0.2579,0.0786,0.1692,8.6662,37.2555,38.3801,3.0523,0.4167,0.9636,0.888,0.8531,1.0745,0.137,,0.3097,,28.7241,0.3525,0.3525,0.6491,0.9035,4.4548,0.0077,,0.2822,1.212,0.168,0.4295,0.1496,0.2097,0.1989,0.2097,0.135,0.2097,13.3549,2.0,,0.0,0.0314,,0.0,0.4292,,0.0,0.3007,0.4028,0.3184,0.0263,-0.0238,,2.7967,,0.4635,0.3269,-0.01,0.0836,,-1.7466,0.2034,2.71,2.5889,2.1587,-5.8708,3.1257,-1.4357,41.3562,58.1878,8.4095,-63.9162,166.6667,-22.1773,40.6085,27.8998,66.0259,1.5608,-14.6941,15.47,19.42,1.4863,1.428,51.0002,-0.112,16.54,8.47,-32.2671,-3.1944,,-11437706,-17171259.5,-2479170.15,296.4145,181.9863,117.0915,30.3348,-369827.2503,-688066.6333,4619622.5105,4814082.943,5502149.5763,4235477.8173,-636478.766,-52.3348,0.843,-38.5524,39.4613,969470.5802,1904503.2103,89457.4765,5927184662.26,-5.1818,-8.5478,-9.1859,-30.8054,-581.4881,1.6443,-7.282,-38.1329,-13.6888,4.2617,8.7459,48.5842,52.755,-40,80,40,0.3176,-0.5557,-0.4668,0.2666,0.7334,-5.91,-7.824,0.182,0.0072,-0.0665,-0.0096,-0.0054,53.4966,-0.7947,-0.8371,0.4814,-0.6119,35.9964,5.2789,3.4187,,3.37,-8.68,46.988,47.5437,0.5964,47.0086,1.0034,44.625,46.3414,0.9789,133.9302,106.6992,27.231,66.4601,26.5997,-3.2801,0.3499,0.0775,88.2725,146.5336,0.8821,0.9094,0.5
45,603197.XSHG,603197,2017-07-25,75.748,4.7526,0.1122,74.4679,4.8343,21.3007,0.1444,0,0.0819,0.3232,,,,0.6798,1.8356,1.3912,-0.0622,-0.0174,-0.0603,,,,1.5829,0.5625,0.0467,0.5145,,0.1508,0.48,46.9359,40.922,47.6879,46.6468,44.7832,0.5145,1.748,0.4375,2.7486,0.0336,,0.0094,0.8676,0.2503,4.6259,0.3509,,,0.0174,111.7145,3.2225,,22.4539,21.0678,0.0488,0.3864,0.0739,45.932,47.547,49.4955,46.112,47.547,15.5965,51.8767,0.0228,0.3031,0.6393,0.1055,0.598,0.3202,0.6698,0.1055,0.0774,0.4537,0.137,0.137,0.2579,0.0786,0.1692,8.916,38.329,39.486,3.1402,0.5,0.9636,1.0152,0.8971,1.0761,0.137,,0.3097,,34.855,0.381,0.381,0.6491,0.9035,4.4548,0.0077,,0.2822,1.212,0.168,0.4295,0.147,0.2092,0.1918,0.2092,0.1489,0.2092,7.0301,2.0,,0.0,0.0305,,0.0,0.4172,,0.0,0.3007,0.4028,0.3096,0.0256,-0.0238,,2.7967,,0.511,0.298,0.1584,0.0888,,-1.1768,0.1565,2.6193,2.4292,4.9377,-2.6174,4.5281,1.3734,41.2659,57.7251,132.3683,-25.4967,151.4532,7.7844,57.1111,37.6369,96.0595,10.5505,-10.2922,15.47,18.34,1.4828,1.2376,54.5067,0.0149,15.35,9.82,-21.9706,-2.8788,,-5927492,-14472718.1667,-3402091.9,283.065,192.6779,103.2528,45.6458,-412175.1827,-581566.9123,4781548.2359,4921180.0287,5502746.941,4660389.8782,-338783.4592,-55.1822,0.7855,2.2226,19.9302,829614.8098,1673444.4931,123141.4944,5665354848.28,-3.8816,-8.5207,-7.7209,-29.3415,-440.5018,2.3602,-25.9072,-33.7106,33.8968,4.8904,7.8422,45.1974,50.6371,-40,76,36,0.1705,-0.4179,-0.1792,0.4104,0.5896,0.72,-7.127,0.1588,0.0757,-0.0524,-0.0052,-0.0053,57.1005,-0.7964,-0.6525,0.6157,-0.2913,50.0556,5.5132,5.0378,,7.25,-4.74,47.1744,47.5923,0.8216,47.3351,0.9821,45.9336,47.8729,0.9529,141.053,112.8605,28.1925,73.5087,26.4415,-0.1829,1.5971,0.0369,88.2725,150.756,0.9136,0.9498,0.5
46,603197.XSHG,603197,2017-07-26,75.748,4.7526,0.1122,74.4679,4.8343,21.3007,0.1444,0,0.0819,0.3232,,,,0.6798,1.8356,1.3912,-0.0617,-0.0223,-0.0569,,,,1.5829,0.5625,0.0465,0.5145,,0.1508,0.48,46.9675,41.0243,47.6328,46.8012,44.8595,0.5145,1.748,0.4375,2.7486,0.0344,,0.0094,0.8676,0.2503,4.6259,0.3509,,,0.0174,111.7145,3.2225,,22.431,21.0449,0.0488,0.3864,0.0739,45.838,47.5377,49.2475,46.45,47.5377,14.3397,55.8286,0.0233,0.3031,0.6393,0.1055,0.598,0.3202,0.6698,0.1055,0.0774,0.4537,0.137,0.137,0.2579,0.0786,0.1692,8.7143,37.4622,38.5931,3.0692,0.5,0.9636,0.9804,0.9047,1.0372,0.137,,0.3097,,33.3333,0.3581,0.3581,0.6491,0.9035,4.4548,0.0077,,0.2822,1.212,0.168,0.4295,0.1459,0.2076,0.1853,0.2076,0.1507,0.2076,9.3116,2.0,,0.0,0.0312,,0.0,0.4269,,0.0,0.3007,0.4028,0.3167,0.0262,-0.0238,,2.7967,,0.3382,0.3025,0.3358,0.0909,,-0.9002,0.2228,2.5141,2.258,2.775,-4.3403,1.4209,-0.8997,41.0457,57.4493,83.2769,-39.343,51.8789,-7.4815,62.8318,46.0352,96.425,5.1797,-9.5256,14.72,18.94,1.2851,1.2503,50.6863,-0.0196,14.78,9.82,-20.1626,-2.6099,,-9814310,-13002362.0,-4135265.55,272.0762,197.324,101.5539,42.3228,-453940.3646,-621001.092,4618870.0112,4762047.4089,5383048.5009,4402532.5855,-334121.4548,-55.886,0.9189,-33.2377,11.6166,840026.8282,1641739.324,112591.095,5446280955.96,-3.4432,-8.3498,-6.4491,-26.3646,-447.2326,2.578,-26.1105,-31.1631,21.1468,4.4157,8.619,43.4707,49.1668,-40,72,32,0.058,-0.3921,-0.2294,0.3853,0.6147,-0.94,-6.819,-0.0879,0.0452,-0.0565,-0.0022,-0.0051,59.2322,-0.7558,-0.4492,0.5694,0.0058,-3.5434,5.5585,4.444,,4.57,-4.17,47.1645,47.5566,0.9148,47.4395,1.007,46.3573,47.7078,0.973,123.8869,97.1726,26.7143,77.5554,26.1202,-0.8882,0.4418,0.0282,86.2763,150.756,0.9922,0.8932,0.6667
47,603197.XSHG,603197,2017-07-27,75.748,4.7526,0.1122,74.4679,4.8343,21.3007,0.1444,0,0.0819,0.3232,,,,0.6798,1.8356,1.3912,-0.0632,-0.0254,-0.0543,,,,1.5829,0.5625,0.0467,0.5145,,0.1508,0.48,47.2134,41.1449,47.6983,47.3075,44.9729,0.5145,1.748,0.4375,2.7486,0.0335,,0.0094,0.8676,0.2503,4.6259,0.3509,,,0.0174,111.7145,3.2225,,22.4564,21.0703,0.0488,0.3864,0.0739,46.051,47.554,49.0125,47.126,47.554,12.3764,54.9998,0.0227,0.3031,0.6393,0.1055,0.598,0.3202,0.6698,0.1055,0.0774,0.4537,0.137,0.137,0.2579,0.0786,0.1692,8.9381,38.4244,39.5844,3.148,0.5833,0.9636,1.0461,0.9114,1.0752,0.137,,0.3097,,53.2609,0.3834,0.3834,0.6491,0.9035,4.4548,0.0077,,0.2822,1.212,0.168,0.4295,0.1435,0.2067,0.1813,0.2067,0.1524,0.2067,5.2423,2.0,,0.0,0.0304,,0.0,0.4162,,0.0,0.3007,0.4028,0.3089,0.0255,-0.0238,,2.7967,,0.5096,0.3008,0.5062,0.0949,,-0.526,0.0006,2.5469,2.4014,4.9271,-1.4129,2.5336,1.6108,40.9987,57.0263,102.4373,-23.1722,63.3423,3.0057,72.508,54.8595,107.805,6.3849,-8.8646,15.46,15.47,1.3202,1.0836,54.9214,0.0441,14.78,10.08,-18.9059,-2.118,,-5020085,-11337425.3333,-4984726.85,264.4488,208.2642,98.6185,40.0813,-477639.1192,-572434.1378,4650752.7364,4766997.8075,5339431.9453,4533096.7237,-189590.0372,-54.8836,0.8114,-23.2583,32.191,750296.6441,1597224.4423,126686.8454,5295203269.88,-0.386,-7.8221,-5.0277,-22.7623,-468.4964,3.4054,-21.8935,-29.6678,20.1247,11.2115,7.3736,40.428,47.1195,-40,68,28,-0.0078,-0.2708,-0.2304,0.3848,0.6152,2.13,-5.923,0.1231,0.0572,0.0059,0.0006,-0.0046,60.8297,-0.6806,-0.2213,0.6894,0.1489,14.5358,5.5938,3.4242,,5.41,-2.86,47.3423,47.6131,1.1464,47.6543,0.9862,47.2092,48.3967,0.953,119.4411,87.5272,31.9139,74.8122,25.6997,-1.3499,1.4101,0.0571,86.2763,154.6281,1.0056,0.8798,0.5714
48,603197.XSHG,603197,2017-07-28,75.748,4.7526,0.1122,74.4679,4.8343,21.3007,0.1444,0,0.0819,0.3232,,,,0.6798,1.8356,1.3912,-0.0607,-0.029,-0.0497,,,,1.5829,0.5625,0.0465,0.5145,,0.1508,0.48,47.1255,41.2372,47.6061,47.115,45.0305,0.5145,1.748,0.4375,2.7486,0.0346,,0.0094,0.8676,0.2503,4.6259,0.3509,,,0.0174,111.7145,3.2225,,22.4229,21.0368,0.0488,0.3864,0.0739,46.111,47.5371,48.6965,47.442,47.5371,9.136,46.7873,0.0235,0.3031,0.6393,0.1055,0.598,0.3202,0.6698,0.1055,0.0774,0.4537,0.137,0.137,0.2579,0.0786,0.1692,8.644,37.1601,38.2818,3.0445,0.5,0.9636,1.013,0.8809,1.035,0.137,,0.3097,,45.2518,0.35,0.35,0.6491,0.9035,4.4548,0.0077,,0.2822,1.212,0.168,0.4295,0.1444,0.2051,0.1761,0.2051,0.1554,0.2051,-0.3305,2.0,,0.0,0.0315,,0.0,0.4303,,0.0,0.3007,0.4028,0.3192,0.0264,-0.0238,,2.7967,,0.2967,0.309,0.7345,0.1047,,-0.467,-0.0291,2.47,2.2781,1.3424,-4.0383,-1.5008,-1.6978,40.8565,56.5365,72.27,-26.4118,13.2503,-2.8202,69.0546,59.5912,87.9814,3.9831,-11.9133,15.46,15.01,1.1442,1.1476,49.9258,0.0128,16.37,10.05,-23.9213,-1.8025,,-8747606,-9536344.6667,-6361409.95,255.173,203.6934,97.6592,42.1583,-504701.8625,-612952.8358,4482892.4207,4607078.2987,5220031.1345,4264571.4825,-216501.9466,-44.1364,0.6255,-11.5783,-17.9752,725903.2759,1593204.7901,104154.0998,5110830588.38,-4.0,-7.5144,-4.205,-19.7652,-216.0604,2.2845,-17.2706,-29.7001,21.8612,10.0191,6.5894,37.791,46.1298,-40,64,24,-0.0661,-0.2996,-0.0518,0.4741,0.5259,0.6,-5.171,-0.1227,0.0448,-0.0086,0.0013,-0.0042,54.3134,-0.5723,-0.0349,0.3206,0.2509,-14.0488,5.5063,2.2985,,4.52,-6.3,47.2481,47.5477,1.2148,47.4935,1.0163,47.0672,47.5004,0.9868,118.0504,83.1045,34.9459,79.2386,25.2199,-0.6128,1.3572,0.0422,83.4373,154.6281,1.0117,0.8697,0.5714
